{
  "run_id": 10,
  "run_name": "tapered_dr0.18_lr2.5e-03_wd2e-05_b128_strong_ends",
  "hyperparams": {
    "hidden_dims": [
      512,
      512,
      256,
      256
    ],
    "dropout": 0.184,
    "learning_rate": 0.002499,
    "weight_decay": 2.06e-05,
    "sigma_floor": 0.0412,
    "batch_size": 128,
    "level_weights": [
      6.0,
      2.0,
      1.0,
      1.0,
      1.0,
      1.0,
      1.0,
      2.0,
      3.0,
      5.0
    ],
    "level_weights_name": "strong_ends",
    "n_epochs": 400,
    "scheduler_patience": 30,
    "early_stop_patience": 40,
    "lambda_physics": 0.1,
    "lambda_monotonicity": 0.0,
    "lambda_adiabatic": 0.1,
    "lambda_smoothness": 0.1
  },
  "n_params": 796694,
  "best_val_loss": -4.216083393942926,
  "best_epoch": 12,
  "final_epoch": 52,
  "train_time_seconds": 205.57870864868164,
  "test_nll": -5.745353152354558,
  "test_metrics": {
    "rmse_per_level": [
      1.7136448621749878,
      1.2503663301467896,
      0.6666954755783081,
      0.53024822473526,
      0.6540207862854004,
      0.7144114375114441,
      0.7307698130607605,
      1.1274919509887695,
      1.3837664127349854,
      2.911728620529175
    ],
    "mean_rmse": 1.1683144569396973,
    "tau_rmse": 1.6502530574798584,
    "mean_std_per_level": [
      1.848591923713684,
      0.8883211016654968,
      0.8883211016654968,
      0.8883211016654968,
      0.8883211016654968,
      0.8883211016654968,
      0.8884349465370178,
      0.89481520652771,
      0.9181077480316162,
      1.0352128744125366
    ],
    "mean_std_overall": 1.0026575326919556,
    "mean_tau_std": 1.1446088552474976,
    "n_test_samples": 6144
  }
}