{
  "run_id": 55,
  "run_name": "5x512_dr0.35_lr1.2e-03_wd7e-06_b128_deep",
  "hyperparams": {
    "hidden_dims": [
      512,
      512,
      512,
      512,
      512
    ],
    "dropout": 0.347,
    "learning_rate": 0.001221,
    "weight_decay": 6.6e-06,
    "sigma_floor": 0.0236,
    "batch_size": 128,
    "level_weights": [
      1.0,
      1.0,
      1.0,
      1.5,
      2.0,
      2.5,
      3.0,
      3.5,
      4.0,
      5.0
    ],
    "level_weights_name": "deep",
    "n_epochs": 400,
    "scheduler_patience": 30,
    "early_stop_patience": 40,
    "lambda_physics": 0.1,
    "lambda_monotonicity": 0.0,
    "lambda_adiabatic": 0.1,
    "lambda_smoothness": 0.1
  },
  "n_params": 1395222,
  "best_val_loss": -5.752010172413241,
  "best_epoch": 2,
  "final_epoch": 42,
  "train_time_seconds": 186.1643509864807,
  "test_nll": -6.525303502877553,
  "test_metrics": {
    "rmse_per_level": [
      1.578351378440857,
      1.0818450450897217,
      0.9008544087409973,
      0.7745290994644165,
      0.6265276074409485,
      0.7361671924591064,
      0.6946170330047607,
      0.9102433323860168,
      1.184610366821289,
      2.4675939083099365
    ],
    "mean_rmse": 1.0955339670181274,
    "tau_rmse": 1.230729341506958,
    "mean_std_per_level": [
      5.115527629852295,
      1.3429831266403198,
      1.0030573606491089,
      1.1036511659622192,
      1.0195283889770508,
      0.947867214679718,
      1.1109381914138794,
      1.088279366493225,
      1.6342278718948364,
      2.2813642024993896
    ],
    "mean_std_overall": 1.6647289991378784,
    "mean_tau_std": 1.6861528158187866,
    "n_test_samples": 6144
  }
}