{
  "run_id": 4,
  "run_name": "3x256_dr0.12_lr2.4e-04_wd1e-05_b256_strong_ends",
  "hyperparams": {
    "hidden_dims": [
      256,
      256,
      256
    ],
    "dropout": 0.119,
    "learning_rate": 0.000236,
    "weight_decay": 1.13e-05,
    "sigma_floor": 0.0173,
    "batch_size": 256,
    "level_weights": [
      6.0,
      2.0,
      1.0,
      1.0,
      1.0,
      1.0,
      1.0,
      2.0,
      3.0,
      5.0
    ],
    "level_weights_name": "strong_ends",
    "n_epochs": 400,
    "scheduler_patience": 30,
    "early_stop_patience": 40,
    "lambda_physics": 0.1,
    "lambda_monotonicity": 0.0,
    "lambda_adiabatic": 0.1,
    "lambda_smoothness": 0.1
  },
  "n_params": 302870,
  "best_val_loss": -4.954156414155038,
  "best_epoch": 0,
  "final_epoch": 40,
  "train_time_seconds": 86.73722767829895,
  "test_nll": -6.33415154616038,
  "test_metrics": {
    "rmse_per_level": [
      1.5240544080734253,
      1.2381399869918823,
      0.8061777353286743,
      0.7886062264442444,
      0.6652382612228394,
      0.8591490983963013,
      0.7727617621421814,
      0.9128919243812561,
      1.125913143157959,
      2.7679147720336914
    ],
    "mean_rmse": 1.1460846662521362,
    "tau_rmse": 1.3724936246871948,
    "mean_std_per_level": [
      3.235210418701172,
      1.5934381484985352,
      1.4041324853897095,
      1.2323614358901978,
      1.291424036026001,
      1.2480937242507935,
      1.3176486492156982,
      1.5051908493041992,
      1.6116548776626587,
      1.9888449907302856
    ],
    "mean_std_overall": 1.642799973487854,
    "mean_tau_std": 1.6426500082015991,
    "n_test_samples": 6144
  }
}