{
  "run_id": 68,
  "run_name": "6x256_dr0.14_lr9.5e-04_wd3e-05_b512_strong_ends",
  "hyperparams": {
    "hidden_dims": [
      256,
      256,
      256,
      256,
      256,
      256
    ],
    "dropout": 0.141,
    "learning_rate": 0.000953,
    "weight_decay": 3.12e-05,
    "sigma_floor": 0.0117,
    "batch_size": 512,
    "level_weights": [
      6.0,
      2.0,
      1.0,
      1.0,
      1.0,
      1.0,
      1.0,
      2.0,
      3.0,
      5.0
    ],
    "level_weights_name": "strong_ends",
    "n_epochs": 400,
    "scheduler_patience": 30,
    "early_stop_patience": 40,
    "lambda_physics": 0.1,
    "lambda_monotonicity": 0.0,
    "lambda_adiabatic": 0.1,
    "lambda_smoothness": 0.1
  },
  "n_params": 501782,
  "best_val_loss": -4.265879265964031,
  "best_epoch": 3,
  "final_epoch": 43,
  "train_time_seconds": 60.57916212081909,
  "test_nll": -6.43265958627065,
  "test_metrics": {
    "rmse_per_level": [
      1.5233287811279297,
      1.2088137865066528,
      0.7881535291671753,
      0.7091949582099915,
      0.6086146235466003,
      0.8265787959098816,
      0.794944167137146,
      1.1001415252685547,
      1.2795263528823853,
      2.8055124282836914
    ],
    "mean_rmse": 1.1644809246063232,
    "tau_rmse": 1.1083450317382812,
    "mean_std_per_level": [
      2.7259819507598877,
      1.6243916749954224,
      1.0472054481506348,
      1.0728973150253296,
      1.1121114492416382,
      1.0298206806182861,
      1.148679256439209,
      1.4516757726669312,
      1.6423592567443848,
      2.2144415378570557
    ],
    "mean_std_overall": 1.506948471069336,
    "mean_tau_std": 1.7494837045669556,
    "n_test_samples": 6144
  }
}