{
  "run_id": 76,
  "run_name": "5x512_dr0.29_lr1.0e-03_wd1e-04_b128_top",
  "hyperparams": {
    "hidden_dims": [
      512,
      512,
      512,
      512,
      512
    ],
    "dropout": 0.295,
    "learning_rate": 0.001026,
    "weight_decay": 0.000139,
    "sigma_floor": 0.0384,
    "batch_size": 128,
    "level_weights": [
      6.0,
      3.0,
      2.0,
      1.0,
      1.0,
      1.0,
      1.0,
      1.0,
      1.0,
      1.0
    ],
    "level_weights_name": "top",
    "n_epochs": 400,
    "scheduler_patience": 30,
    "early_stop_patience": 40,
    "lambda_physics": 0.1,
    "lambda_monotonicity": 0.0,
    "lambda_adiabatic": 0.1,
    "lambda_smoothness": 0.1
  },
  "n_params": 1395222,
  "best_val_loss": -4.2002290054675075,
  "best_epoch": 0,
  "final_epoch": 40,
  "train_time_seconds": 171.52306962013245,
  "test_nll": -5.484777957201004,
  "test_metrics": {
    "rmse_per_level": [
      2.2799203395843506,
      1.6405445337295532,
      1.3213350772857666,
      1.2677181959152222,
      1.1809853315353394,
      1.0945923328399658,
      1.0814995765686035,
      0.7924847602844238,
      1.0369352102279663,
      2.2863173484802246
    ],
    "mean_rmse": 1.39823317527771,
    "tau_rmse": 2.0685956478118896,
    "mean_std_per_level": [
      5.513574600219727,
      0.892821729183197,
      0.8890510201454163,
      0.890513002872467,
      0.9713121056556702,
      0.88994961977005,
      0.8886829018592834,
      1.0822874307632446,
      1.9508684873580933,
      2.8485796451568604
    ],
    "mean_std_overall": 1.6817591190338135,
    "mean_tau_std": 2.409498453140259,
    "n_test_samples": 6144
  }
}