{
  "run_id": 94,
  "run_name": "tapered_dr0.03_lr3.4e-03_wd5e-06_b512_deep",
  "hyperparams": {
    "hidden_dims": [
      512,
      512,
      256,
      256
    ],
    "dropout": 0.025,
    "learning_rate": 0.003415,
    "weight_decay": 5.4e-06,
    "sigma_floor": 0.024,
    "batch_size": 512,
    "level_weights": [
      1.0,
      1.0,
      1.0,
      1.5,
      2.0,
      2.5,
      3.0,
      3.5,
      4.0,
      5.0
    ],
    "level_weights_name": "deep",
    "n_epochs": 400,
    "scheduler_patience": 30,
    "early_stop_patience": 40,
    "lambda_physics": 0.1,
    "lambda_monotonicity": 0.0,
    "lambda_adiabatic": 0.1,
    "lambda_smoothness": 0.1
  },
  "n_params": 796694,
  "best_val_loss": -5.599534340202808,
  "best_epoch": 12,
  "final_epoch": 52,
  "train_time_seconds": 81.82045316696167,
  "test_nll": -6.288318117459615,
  "test_metrics": {
    "rmse_per_level": [
      1.7088152170181274,
      1.2642419338226318,
      0.7074426412582397,
      0.6229863166809082,
      0.6540114879608154,
      0.7784087061882019,
      0.7921018600463867,
      0.9353237152099609,
      1.432498574256897,
      2.7436649799346924
    ],
    "mean_rmse": 1.1639496088027954,
    "tau_rmse": 1.2755576372146606,
    "mean_std_per_level": [
      1.9638577699661255,
      0.9410090446472168,
      0.8969686627388,
      0.891760528087616,
      0.8911425471305847,
      0.8923065066337585,
      0.8909032344818115,
      0.8985567092895508,
      0.9255643486976624,
      1.4688950777053833
    ],
    "mean_std_overall": 1.0660828351974487,
    "mean_tau_std": 1.3425079584121704,
    "n_test_samples": 6144
  }
}