{
  "run_id": 13,
  "run_name": "3x256_dr0.31_lr4.9e-03_wd8e-04_b512_ends",
  "hyperparams": {
    "hidden_dims": [
      256,
      256,
      256
    ],
    "dropout": 0.306,
    "learning_rate": 0.00489,
    "weight_decay": 0.000764,
    "sigma_floor": 0.0258,
    "batch_size": 512,
    "level_weights": [
      4.0,
      1.5,
      1.0,
      1.0,
      1.0,
      1.0,
      1.0,
      1.5,
      2.0,
      3.0
    ],
    "level_weights_name": "ends",
    "n_epochs": 400,
    "scheduler_patience": 30,
    "early_stop_patience": 40,
    "lambda_physics": 0.1,
    "lambda_monotonicity": 0.0,
    "lambda_adiabatic": 0.1,
    "lambda_smoothness": 0.1
  },
  "n_params": 302870,
  "best_val_loss": -4.648905374109745,
  "best_epoch": 2,
  "final_epoch": 42,
  "train_time_seconds": 62.08312463760376,
  "test_nll": -6.107407331466675,
  "test_metrics": {
    "rmse_per_level": [
      1.7199503183364868,
      1.388269066810608,
      0.828209400177002,
      0.7632225751876831,
      0.6593113541603088,
      0.8830317854881287,
      0.8311346173286438,
      1.031977653503418,
      1.0619102716445923,
      2.447491407394409
    ],
    "mean_rmse": 1.1614508628845215,
    "tau_rmse": 1.4725321531295776,
    "mean_std_per_level": [
      4.133828163146973,
      1.5909627676010132,
      0.960970401763916,
      1.0091668367385864,
      0.9267176985740662,
      0.9143909811973572,
      0.928527295589447,
      1.1614495515823364,
      1.351307988166809,
      1.7785066366195679
    ],
    "mean_std_overall": 1.4755796194076538,
    "mean_tau_std": 1.7522724866867065,
    "n_test_samples": 6144
  }
}