{
  "run_id": 77,
  "run_name": "3x256_dr0.24_lr1.6e-05_wd7e-04_b512_top",
  "hyperparams": {
    "hidden_dims": [
      256,
      256,
      256
    ],
    "dropout": 0.237,
    "learning_rate": 1.6e-05,
    "weight_decay": 0.000724,
    "sigma_floor": 0.0121,
    "batch_size": 512,
    "level_weights": [
      6.0,
      3.0,
      2.0,
      1.0,
      1.0,
      1.0,
      1.0,
      1.0,
      1.0,
      1.0
    ],
    "level_weights_name": "top",
    "n_epochs": 400,
    "scheduler_patience": 30,
    "early_stop_patience": 40,
    "lambda_physics": 0.1,
    "lambda_monotonicity": 0.0,
    "lambda_adiabatic": 0.1,
    "lambda_smoothness": 0.1
  },
  "n_params": 302870,
  "best_val_loss": -5.072410896420479,
  "best_epoch": 19,
  "final_epoch": 59,
  "train_time_seconds": 87.39415502548218,
  "test_nll": -6.62257985273997,
  "test_metrics": {
    "rmse_per_level": [
      1.3489824533462524,
      1.128980278968811,
      0.7886491417884827,
      0.6814407706260681,
      0.6186497211456299,
      0.7750279307365417,
      0.7356770038604736,
      0.9900796413421631,
      1.100468635559082,
      2.7746338844299316
    ],
    "mean_rmse": 1.0942589044570923,
    "tau_rmse": 1.2357832193374634,
    "mean_std_per_level": [
      3.1638267040252686,
      1.5984479188919067,
      1.1335099935531616,
      1.42256498336792,
      1.377437710762024,
      1.273607611656189,
      1.3388500213623047,
      1.5488907098770142,
      1.7048522233963013,
      2.4109482765197754
    ],
    "mean_std_overall": 1.697291612625122,
    "mean_tau_std": 1.53825843334198,
    "n_test_samples": 6144
  }
}