{
  "run_id": 99,
  "run_name": "3x128_dr0.18_lr5.5e-04_wd1e-03_b128_top",
  "hyperparams": {
    "hidden_dims": [
      128,
      128,
      128
    ],
    "dropout": 0.18,
    "learning_rate": 0.000554,
    "weight_decay": 0.00116,
    "sigma_floor": 0.0392,
    "batch_size": 128,
    "level_weights": [
      6.0,
      3.0,
      2.0,
      1.0,
      1.0,
      1.0,
      1.0,
      1.0,
      1.0,
      1.0
    ],
    "level_weights_name": "top",
    "n_epochs": 400,
    "scheduler_patience": 30,
    "early_stop_patience": 40,
    "lambda_physics": 0.1,
    "lambda_monotonicity": 0.0,
    "lambda_adiabatic": 0.1,
    "lambda_smoothness": 0.1
  },
  "n_params": 118678,
  "best_val_loss": -3.690428621826633,
  "best_epoch": 2,
  "final_epoch": 42,
  "train_time_seconds": 163.28571367263794,
  "test_nll": -6.115542928377788,
  "test_metrics": {
    "rmse_per_level": [
      1.34707772731781,
      1.144482135772705,
      0.7394809722900391,
      0.6039158701896667,
      0.5853728652000427,
      0.7515220046043396,
      0.7017606496810913,
      0.9311997294425964,
      1.1079615354537964,
      2.708134651184082
    ],
    "mean_rmse": 1.0620908737182617,
    "tau_rmse": 1.2065320014953613,
    "mean_std_per_level": [
      2.0559637546539307,
      0.8883211016654968,
      0.8883211016654968,
      0.8896668553352356,
      0.889277994632721,
      0.8938133120536804,
      0.8916978240013123,
      1.0917764902114868,
      1.1749485731124878,
      1.5522643327713013
    ],
    "mean_std_overall": 1.1215895414352417,
    "mean_tau_std": 1.1428664922714233,
    "n_test_samples": 6144
  }
}