{
  "run_id": 38,
  "run_name": "4x512_dr0.39_lr7.3e-05_wd2e-05_b256_top",
  "hyperparams": {
    "hidden_dims": [
      512,
      512,
      512,
      512
    ],
    "dropout": 0.392,
    "learning_rate": 7.3e-05,
    "weight_decay": 2.32e-05,
    "sigma_floor": 0.0375,
    "batch_size": 256,
    "level_weights": [
      6.0,
      3.0,
      2.0,
      1.0,
      1.0,
      1.0,
      1.0,
      1.0,
      1.0,
      1.0
    ],
    "level_weights_name": "top",
    "n_epochs": 400,
    "scheduler_patience": 30,
    "early_stop_patience": 40,
    "lambda_physics": 0.1,
    "lambda_monotonicity": 0.0,
    "lambda_adiabatic": 0.1,
    "lambda_smoothness": 0.1
  },
  "n_params": 1131542,
  "best_val_loss": -4.66064570027013,
  "best_epoch": 2,
  "final_epoch": 42,
  "train_time_seconds": 100.17870211601257,
  "test_nll": -6.055694321791331,
  "test_metrics": {
    "rmse_per_level": [
      1.247984766960144,
      1.0828505754470825,
      0.815591037273407,
      0.7346619367599487,
      0.7005744576454163,
      0.9325317144393921,
      0.8154134154319763,
      1.1511192321777344,
      1.0992473363876343,
      2.749659776687622
    ],
    "mean_rmse": 1.1329634189605713,
    "tau_rmse": 1.3838043212890625,
    "mean_std_per_level": [
      3.1355817317962646,
      1.387031078338623,
      0.9052512049674988,
      0.9760189056396484,
      0.9301057457923889,
      0.9265633225440979,
      0.9585320949554443,
      1.3523236513137817,
      1.4785609245300293,
      2.0943620204925537
    ],
    "mean_std_overall": 1.4144271612167358,
    "mean_tau_std": 1.462602972984314,
    "n_test_samples": 6144
  }
}