{
  "run_id": 43,
  "run_name": "tapered_dr0.07_lr1.5e-05_wd4e-04_b128_ends",
  "hyperparams": {
    "hidden_dims": [
      512,
      512,
      256,
      256
    ],
    "dropout": 0.071,
    "learning_rate": 1.5e-05,
    "weight_decay": 0.000369,
    "sigma_floor": 0.0367,
    "batch_size": 128,
    "level_weights": [
      4.0,
      1.5,
      1.0,
      1.0,
      1.0,
      1.0,
      1.0,
      1.5,
      2.0,
      3.0
    ],
    "level_weights_name": "ends",
    "n_epochs": 400,
    "scheduler_patience": 30,
    "early_stop_patience": 40,
    "lambda_physics": 0.1,
    "lambda_monotonicity": 0.0,
    "lambda_adiabatic": 0.1,
    "lambda_smoothness": 0.1
  },
  "n_params": 796694,
  "best_val_loss": -4.901870504502328,
  "best_epoch": 1,
  "final_epoch": 41,
  "train_time_seconds": 167.87059259414673,
  "test_nll": -5.930760433276494,
  "test_metrics": {
    "rmse_per_level": [
      1.8516340255737305,
      1.6431487798690796,
      1.106626272201538,
      1.048201560974121,
      1.154957890510559,
      1.1446375846862793,
      1.046283483505249,
      0.8412427306175232,
      1.161188006401062,
      2.5331037044525146
    ],
    "mean_rmse": 1.353102445602417,
    "tau_rmse": 1.2916425466537476,
    "mean_std_per_level": [
      3.3739540576934814,
      1.902022361755371,
      2.0386571884155273,
      1.892499566078186,
      2.296787977218628,
      2.719740867614746,
      2.2094619274139404,
      2.0089192390441895,
      1.9367347955703735,
      2.3937675952911377
    ],
    "mean_std_overall": 2.2772557735443115,
    "mean_tau_std": 1.6391264200210571,
    "n_test_samples": 6144
  }
}