{
  "run_id": 89,
  "run_name": "5x512_dr0.05_lr6.2e-05_wd4e-06_b256_strong_ends",
  "hyperparams": {
    "hidden_dims": [
      512,
      512,
      512,
      512,
      512
    ],
    "dropout": 0.053,
    "learning_rate": 6.2e-05,
    "weight_decay": 4.17e-06,
    "sigma_floor": 0.017,
    "batch_size": 256,
    "level_weights": [
      6.0,
      2.0,
      1.0,
      1.0,
      1.0,
      1.0,
      1.0,
      2.0,
      3.0,
      5.0
    ],
    "level_weights_name": "strong_ends",
    "n_epochs": 400,
    "scheduler_patience": 30,
    "early_stop_patience": 40,
    "lambda_physics": 0.1,
    "lambda_monotonicity": 0.0,
    "lambda_adiabatic": 0.1,
    "lambda_smoothness": 0.1
  },
  "n_params": 1395222,
  "best_val_loss": -4.456355394855622,
  "best_epoch": 1,
  "final_epoch": 41,
  "train_time_seconds": 105.59742045402527,
  "test_nll": -6.454335888226827,
  "test_metrics": {
    "rmse_per_level": [
      1.4339947700500488,
      1.2007702589035034,
      0.702214241027832,
      0.6054447293281555,
      0.5834583640098572,
      0.770846426486969,
      0.7520183324813843,
      0.9832355976104736,
      1.230536937713623,
      2.7308766841888428
    ],
    "mean_rmse": 1.0993397235870361,
    "tau_rmse": 1.28631591796875,
    "mean_std_per_level": [
      2.7478649616241455,
      1.3300485610961914,
      0.952049732208252,
      0.9689786434173584,
      0.9289734959602356,
      0.9402480125427246,
      0.9974231719970703,
      1.094393253326416,
      1.2713655233383179,
      1.672315001487732
    ],
    "mean_std_overall": 1.2903579473495483,
    "mean_tau_std": 1.4456491470336914,
    "n_test_samples": 6144
  }
}