{
  "run_id": 36,
  "run_name": "5x512_dr0.06_lr2.2e-05_wd2e-04_b512_top",
  "hyperparams": {
    "hidden_dims": [
      512,
      512,
      512,
      512,
      512
    ],
    "dropout": 0.059,
    "learning_rate": 2.2e-05,
    "weight_decay": 0.000199,
    "sigma_floor": 0.0347,
    "batch_size": 512,
    "level_weights": [
      6.0,
      3.0,
      2.0,
      1.0,
      1.0,
      1.0,
      1.0,
      1.0,
      1.0,
      1.0
    ],
    "level_weights_name": "top",
    "n_epochs": 400,
    "scheduler_patience": 30,
    "early_stop_patience": 40,
    "lambda_physics": 0.1,
    "lambda_monotonicity": 0.0,
    "lambda_adiabatic": 0.1,
    "lambda_smoothness": 0.1
  },
  "n_params": 1395222,
  "best_val_loss": -4.317160129547119,
  "best_epoch": 2,
  "final_epoch": 42,
  "train_time_seconds": 60.26930522918701,
  "test_nll": -6.185719569524129,
  "test_metrics": {
    "rmse_per_level": [
      1.3975542783737183,
      1.3512705564498901,
      0.9023951292037964,
      0.855484664440155,
      0.8386454582214355,
      0.892594039440155,
      0.8495462536811829,
      0.9554998874664307,
      1.2858349084854126,
      2.728724718093872
    ],
    "mean_rmse": 1.2057549953460693,
    "tau_rmse": 1.2754789590835571,
    "mean_std_per_level": [
      2.5739452838897705,
      1.5906888246536255,
      1.219976544380188,
      1.4742976427078247,
      1.4616085290908813,
      1.2270565032958984,
      1.3708175420761108,
      1.5755796432495117,
      1.7354917526245117,
      2.0733931064605713
    ],
    "mean_std_overall": 1.630285382270813,
    "mean_tau_std": 1.475551962852478,
    "n_test_samples": 6144
  }
}