{
  "run_id": 39,
  "run_name": "4x512_dr0.23_lr3.6e-03_wd1e-05_b128_top",
  "hyperparams": {
    "hidden_dims": [
      512,
      512,
      512,
      512
    ],
    "dropout": 0.233,
    "learning_rate": 0.003627,
    "weight_decay": 1.22e-05,
    "sigma_floor": 0.0053,
    "batch_size": 128,
    "level_weights": [
      6.0,
      3.0,
      2.0,
      1.0,
      1.0,
      1.0,
      1.0,
      1.0,
      1.0,
      1.0
    ],
    "level_weights_name": "top",
    "n_epochs": 400,
    "scheduler_patience": 30,
    "early_stop_patience": 40,
    "lambda_physics": 0.1,
    "lambda_monotonicity": 0.0,
    "lambda_adiabatic": 0.1,
    "lambda_smoothness": 0.1
  },
  "n_params": 1131542,
  "best_val_loss": -4.032270921814826,
  "best_epoch": 0,
  "final_epoch": 40,
  "train_time_seconds": 161.20866656303406,
  "test_nll": -6.128228882948558,
  "test_metrics": {
    "rmse_per_level": [
      1.747273325920105,
      1.2771252393722534,
      0.8798748254776001,
      1.056796669960022,
      0.7155339121818542,
      0.7750733494758606,
      0.8562635183334351,
      0.8174251317977905,
      0.9051428437232971,
      2.3533434867858887
    ],
    "mean_rmse": 1.1383851766586304,
    "tau_rmse": 1.7518131732940674,
    "mean_std_per_level": [
      5.114348411560059,
      1.6403861045837402,
      0.9133806228637695,
      1.0763596296310425,
      0.9080483913421631,
      0.9421613812446594,
      1.078023076057434,
      1.413649082183838,
      1.3493880033493042,
      2.6324546337127686
    ],
    "mean_std_overall": 1.706805944442749,
    "mean_tau_std": 2.5243160724639893,
    "n_test_samples": 6144
  }
}