{
  "run_id": 50,
  "run_name": "tapered_dr0.25_lr2.1e-05_wd3e-03_b128_top",
  "hyperparams": {
    "hidden_dims": [
      512,
      256,
      256,
      128,
      128
    ],
    "dropout": 0.25,
    "learning_rate": 2.1e-05,
    "weight_decay": 0.00298,
    "sigma_floor": 0.0209,
    "batch_size": 128,
    "level_weights": [
      6.0,
      3.0,
      2.0,
      1.0,
      1.0,
      1.0,
      1.0,
      1.0,
      1.0,
      1.0
    ],
    "level_weights_name": "top",
    "n_epochs": 400,
    "scheduler_patience": 30,
    "early_stop_patience": 40,
    "lambda_physics": 0.1,
    "lambda_monotonicity": 0.0,
    "lambda_adiabatic": 0.1,
    "lambda_smoothness": 0.1
  },
  "n_params": 580118,
  "best_val_loss": -4.952081457261117,
  "best_epoch": 7,
  "final_epoch": 47,
  "train_time_seconds": 198.9856252670288,
  "test_nll": -6.484767655531566,
  "test_metrics": {
    "rmse_per_level": [
      1.2981432676315308,
      1.1883808374404907,
      0.8143602013587952,
      0.6890690922737122,
      0.5997133851051331,
      0.7750266194343567,
      0.7288016676902771,
      0.8787074685096741,
      1.0265237092971802,
      2.6648318767547607
    ],
    "mean_rmse": 1.06635582447052,
    "tau_rmse": 1.2273951768875122,
    "mean_std_per_level": [
      3.340364694595337,
      1.6999797821044922,
      1.1822254657745361,
      1.3327287435531616,
      1.1805161237716675,
      1.2642494440078735,
      1.4004449844360352,
      1.6338444948196411,
      1.8614712953567505,
      2.803633689880371
    ],
    "mean_std_overall": 1.7699463367462158,
    "mean_tau_std": 1.716737151145935,
    "n_test_samples": 6144
  }
}