{
  "run_id": 8,
  "run_name": "3x128_dr0.36_lr4.5e-04_wd4e-03_b128_uniform",
  "hyperparams": {
    "hidden_dims": [
      128,
      128,
      128
    ],
    "dropout": 0.361,
    "learning_rate": 0.000447,
    "weight_decay": 0.00383,
    "sigma_floor": 0.0338,
    "batch_size": 128,
    "level_weights": [
      1.0,
      1.0,
      1.0,
      1.0,
      1.0,
      1.0,
      1.0,
      1.0,
      1.0,
      1.0
    ],
    "level_weights_name": "uniform",
    "n_epochs": 400,
    "scheduler_patience": 30,
    "early_stop_patience": 40,
    "lambda_physics": 0.1,
    "lambda_monotonicity": 0.0,
    "lambda_adiabatic": 0.1,
    "lambda_smoothness": 0.1
  },
  "n_params": 118678,
  "best_val_loss": -5.570297391183915,
  "best_epoch": 9,
  "final_epoch": 49,
  "train_time_seconds": 189.15155410766602,
  "test_nll": -6.257350554068883,
  "test_metrics": {
    "rmse_per_level": [
      1.6031097173690796,
      1.2310922145843506,
      0.6842162609100342,
      0.6367273926734924,
      0.5791252851486206,
      0.7519029378890991,
      0.7026354670524597,
      0.9240075945854187,
      1.1487517356872559,
      2.658768892288208
    ],
    "mean_rmse": 1.0920336246490479,
    "tau_rmse": 1.3497071266174316,
    "mean_std_per_level": [
      3.031179428100586,
      1.3517036437988281,
      0.8883211016654968,
      0.8890612125396729,
      0.8883705735206604,
      0.8883211016654968,
      0.8888563513755798,
      0.9164782166481018,
      1.1525843143463135,
      1.4591439962387085
    ],
    "mean_std_overall": 1.2353971004486084,
    "mean_tau_std": 1.1685556173324585,
    "n_test_samples": 6144
  }
}