{
  "run_id": 25,
  "run_name": "4x256_dr0.16_lr8.8e-05_wd8e-05_b128_ends",
  "hyperparams": {
    "hidden_dims": [
      256,
      256,
      256,
      256
    ],
    "dropout": 0.163,
    "learning_rate": 8.8e-05,
    "weight_decay": 7.73e-05,
    "sigma_floor": 0.0079,
    "batch_size": 128,
    "level_weights": [
      4.0,
      1.5,
      1.0,
      1.0,
      1.0,
      1.0,
      1.0,
      1.5,
      2.0,
      3.0
    ],
    "level_weights_name": "ends",
    "n_epochs": 400,
    "scheduler_patience": 30,
    "early_stop_patience": 40,
    "lambda_physics": 0.1,
    "lambda_monotonicity": 0.0,
    "lambda_adiabatic": 0.1,
    "lambda_smoothness": 0.1
  },
  "n_params": 369174,
  "best_val_loss": -5.243406220789878,
  "best_epoch": 2,
  "final_epoch": 42,
  "train_time_seconds": 168.5614948272705,
  "test_nll": -6.5989047686258955,
  "test_metrics": {
    "rmse_per_level": [
      1.336499571800232,
      1.1110444068908691,
      0.7280596494674683,
      0.6413933038711548,
      0.5965902805328369,
      0.8275533318519592,
      0.7503862977027893,
      1.0070927143096924,
      1.02670156955719,
      2.641413927078247
    ],
    "mean_rmse": 1.0666735172271729,
    "tau_rmse": 1.3290011882781982,
    "mean_std_per_level": [
      3.6532304286956787,
      1.352810263633728,
      0.9669851660728455,
      0.9862462878227234,
      0.9735434055328369,
      0.9477640986442566,
      1.1138620376586914,
      1.26468026638031,
      1.48123300075531,
      1.9623898267745972
    ],
    "mean_std_overall": 1.470266342163086,
    "mean_tau_std": 1.4971905946731567,
    "n_test_samples": 6144
  }
}