{
  "run_id": 87,
  "run_name": "3x256_dr0.11_lr7.8e-04_wd9e-04_b256_uniform",
  "hyperparams": {
    "hidden_dims": [
      256,
      256,
      256
    ],
    "dropout": 0.11,
    "learning_rate": 0.000782,
    "weight_decay": 0.000851,
    "sigma_floor": 0.0297,
    "batch_size": 256,
    "level_weights": [
      1.0,
      1.0,
      1.0,
      1.0,
      1.0,
      1.0,
      1.0,
      1.0,
      1.0,
      1.0
    ],
    "level_weights_name": "uniform",
    "n_epochs": 400,
    "scheduler_patience": 30,
    "early_stop_patience": 40,
    "lambda_physics": 0.1,
    "lambda_monotonicity": 0.0,
    "lambda_adiabatic": 0.1,
    "lambda_smoothness": 0.1
  },
  "n_params": 302870,
  "best_val_loss": -5.366402218418736,
  "best_epoch": 1,
  "final_epoch": 41,
  "train_time_seconds": 89.36678409576416,
  "test_nll": -5.862537423769633,
  "test_metrics": {
    "rmse_per_level": [
      1.6591426134109497,
      1.3126466274261475,
      0.9299464821815491,
      0.9172356128692627,
      0.7698829174041748,
      0.7358039021492004,
      0.6865640878677368,
      0.8202227354049683,
      1.0912967920303345,
      2.579289197921753
    ],
    "mean_rmse": 1.1502031087875366,
    "tau_rmse": 2.73634934425354,
    "mean_std_per_level": [
      5.167330741882324,
      1.377038836479187,
      0.9013308882713318,
      0.9055996537208557,
      0.9127953052520752,
      0.894507884979248,
      0.9413380026817322,
      1.1601182222366333,
      1.31177818775177,
      1.5090984106063843
    ],
    "mean_std_overall": 1.5080844163894653,
    "mean_tau_std": 1.7857223749160767,
    "n_test_samples": 6144
  }
}