{
  "run_id": 5,
  "run_name": "6x256_dr0.38_lr5.2e-04_wd8e-03_b128_strong_ends",
  "hyperparams": {
    "hidden_dims": [
      256,
      256,
      256,
      256,
      256,
      256
    ],
    "dropout": 0.384,
    "learning_rate": 0.000524,
    "weight_decay": 0.00804,
    "sigma_floor": 0.0465,
    "batch_size": 128,
    "level_weights": [
      6.0,
      2.0,
      1.0,
      1.0,
      1.0,
      1.0,
      1.0,
      2.0,
      3.0,
      5.0
    ],
    "level_weights_name": "strong_ends",
    "n_epochs": 400,
    "scheduler_patience": 30,
    "early_stop_patience": 40,
    "lambda_physics": 0.1,
    "lambda_monotonicity": 0.0,
    "lambda_adiabatic": 0.1,
    "lambda_smoothness": 0.1
  },
  "n_params": 501782,
  "best_val_loss": -4.4101417564576675,
  "best_epoch": 39,
  "final_epoch": 79,
  "train_time_seconds": 340.22085785865784,
  "test_nll": -5.584818561871846,
  "test_metrics": {
    "rmse_per_level": [
      1.5627787113189697,
      1.1872966289520264,
      0.784096896648407,
      0.6763587594032288,
      0.6776205897331238,
      0.674424946308136,
      0.6758671402931213,
      0.8660871982574463,
      1.2850501537322998,
      2.8412487506866455
    ],
    "mean_rmse": 1.1230829954147339,
    "tau_rmse": 1.9064528942108154,
    "mean_std_per_level": [
      2.1736276149749756,
      0.8883211016654968,
      0.8883211016654968,
      0.8883211016654968,
      0.8883211016654968,
      0.8883211016654968,
      0.8883211016654968,
      0.8883211016654968,
      0.888441264629364,
      0.9930363297462463
    ],
    "mean_std_overall": 1.0273171663284302,
    "mean_tau_std": 1.13556969165802,
    "n_test_samples": 6144
  }
}