{
  "run_id": 65,
  "run_name": "3x128_dr0.25_lr4.0e-03_wd2e-05_b256_uniform",
  "hyperparams": {
    "hidden_dims": [
      128,
      128,
      128
    ],
    "dropout": 0.246,
    "learning_rate": 0.00404,
    "weight_decay": 1.59e-05,
    "sigma_floor": 0.0216,
    "batch_size": 256,
    "level_weights": [
      1.0,
      1.0,
      1.0,
      1.0,
      1.0,
      1.0,
      1.0,
      1.0,
      1.0,
      1.0
    ],
    "level_weights_name": "uniform",
    "n_epochs": 400,
    "scheduler_patience": 30,
    "early_stop_patience": 40,
    "lambda_physics": 0.1,
    "lambda_monotonicity": 0.0,
    "lambda_adiabatic": 0.1,
    "lambda_smoothness": 0.1
  },
  "n_params": 118678,
  "best_val_loss": -5.507315612608386,
  "best_epoch": 3,
  "final_epoch": 43,
  "train_time_seconds": 92.46304678916931,
  "test_nll": -6.604234476884206,
  "test_metrics": {
    "rmse_per_level": [
      1.6426427364349365,
      1.20749831199646,
      0.8697124123573303,
      0.8723030686378479,
      0.7551699876785278,
      0.8961482048034668,
      0.8769317269325256,
      0.9656597375869751,
      1.0992165803909302,
      2.5778868198394775
    ],
    "mean_rmse": 1.1763169765472412,
    "tau_rmse": 1.2132207155227661,
    "mean_std_per_level": [
      3.4730336666107178,
      1.2997926473617554,
      0.929265022277832,
      0.991481602191925,
      0.941972553730011,
      0.9277453422546387,
      1.0140358209609985,
      1.1405292749404907,
      1.633748173713684,
      2.044379234313965
    ],
    "mean_std_overall": 1.4395935535430908,
    "mean_tau_std": 1.7428909540176392,
    "n_test_samples": 6144
  }
}