{
  "run_id": 56,
  "run_name": "tapered_dr0.08_lr7.3e-04_wd7e-04_b512_ends",
  "hyperparams": {
    "hidden_dims": [
      512,
      256,
      256,
      128,
      128
    ],
    "dropout": 0.08,
    "learning_rate": 0.000735,
    "weight_decay": 0.000666,
    "sigma_floor": 0.0306,
    "batch_size": 512,
    "level_weights": [
      4.0,
      1.5,
      1.0,
      1.0,
      1.0,
      1.0,
      1.0,
      1.5,
      2.0,
      3.0
    ],
    "level_weights_name": "ends",
    "n_epochs": 400,
    "scheduler_patience": 30,
    "early_stop_patience": 40,
    "lambda_physics": 0.1,
    "lambda_monotonicity": 0.0,
    "lambda_adiabatic": 0.1,
    "lambda_smoothness": 0.1
  },
  "n_params": 580118,
  "best_val_loss": -3.7208761796355247,
  "best_epoch": 2,
  "final_epoch": 42,
  "train_time_seconds": 60.537705421447754,
  "test_nll": -6.155755201975505,
  "test_metrics": {
    "rmse_per_level": [
      1.3779720067977905,
      1.2308197021484375,
      0.8387683033943176,
      0.7437735795974731,
      0.6830425262451172,
      0.9191945195198059,
      0.8273953199386597,
      1.0634030103683472,
      1.2110143899917603,
      2.7261581420898438
    ],
    "mean_rmse": 1.162154197692871,
    "tau_rmse": 1.3658713102340698,
    "mean_std_per_level": [
      2.497680425643921,
      1.6657695770263672,
      0.9295408725738525,
      1.0016324520111084,
      0.924408495426178,
      0.9432602524757385,
      0.9616425037384033,
      1.074811577796936,
      1.2176461219787598,
      1.655571460723877
    ],
    "mean_std_overall": 1.2871869802474976,
    "mean_tau_std": 1.6865978240966797,
    "n_test_samples": 6144
  }
}