{
  "run_id": 9,
  "run_name": "4x512_dr0.01_lr1.5e-04_wd2e-06_b128_uniform",
  "hyperparams": {
    "hidden_dims": [
      512,
      512,
      512,
      512
    ],
    "dropout": 0.009,
    "learning_rate": 0.000154,
    "weight_decay": 1.87e-06,
    "sigma_floor": 0.0203,
    "batch_size": 128,
    "level_weights": [
      1.0,
      1.0,
      1.0,
      1.0,
      1.0,
      1.0,
      1.0,
      1.0,
      1.0,
      1.0
    ],
    "level_weights_name": "uniform",
    "n_epochs": 400,
    "scheduler_patience": 30,
    "early_stop_patience": 40,
    "lambda_physics": 0.1,
    "lambda_monotonicity": 0.0,
    "lambda_adiabatic": 0.1,
    "lambda_smoothness": 0.1
  },
  "n_params": 1131542,
  "best_val_loss": -5.706560654024924,
  "best_epoch": 0,
  "final_epoch": 40,
  "train_time_seconds": 160.92879676818848,
  "test_nll": -6.6573275327682495,
  "test_metrics": {
    "rmse_per_level": [
      1.5408965349197388,
      1.1120481491088867,
      0.850036084651947,
      0.9196493029594421,
      0.8300138711929321,
      0.7937023043632507,
      0.931995153427124,
      1.010459303855896,
      1.0419211387634277,
      2.5711021423339844
    ],
    "mean_rmse": 1.1601823568344116,
    "tau_rmse": 1.3324785232543945,
    "mean_std_per_level": [
      2.501146078109741,
      1.0366463661193848,
      0.9112622737884521,
      0.9016570448875427,
      0.9065433144569397,
      0.9130285382270813,
      0.9448685646057129,
      1.0979958772659302,
      1.3135817050933838,
      1.7971906661987305
    ],
    "mean_std_overall": 1.2323790788650513,
    "mean_tau_std": 1.4824947118759155,
    "n_test_samples": 6144
  }
}