{
  "run_id": 20,
  "run_name": "tapered_dr0.13_lr4.6e-05_wd2e-03_b128_strong_ends",
  "hyperparams": {
    "hidden_dims": [
      512,
      256,
      256,
      128,
      128
    ],
    "dropout": 0.13,
    "learning_rate": 4.6e-05,
    "weight_decay": 0.00197,
    "sigma_floor": 0.0492,
    "batch_size": 128,
    "level_weights": [
      6.0,
      2.0,
      1.0,
      1.0,
      1.0,
      1.0,
      1.0,
      2.0,
      3.0,
      5.0
    ],
    "level_weights_name": "strong_ends",
    "n_epochs": 400,
    "scheduler_patience": 30,
    "early_stop_patience": 40,
    "lambda_physics": 0.1,
    "lambda_monotonicity": 0.0,
    "lambda_adiabatic": 0.1,
    "lambda_smoothness": 0.1
  },
  "n_params": 580118,
  "best_val_loss": -4.564762782665991,
  "best_epoch": 2,
  "final_epoch": 42,
  "train_time_seconds": 178.13395833969116,
  "test_nll": -5.661977658669154,
  "test_metrics": {
    "rmse_per_level": [
      1.5050889253616333,
      1.3979359865188599,
      0.9177452921867371,
      0.894145667552948,
      0.74759840965271,
      0.9237678647041321,
      0.8554774522781372,
      1.027735948562622,
      1.2996996641159058,
      2.816147565841675
    ],
    "mean_rmse": 1.2385342121124268,
    "tau_rmse": 1.2331159114837646,
    "mean_std_per_level": [
      2.6806163787841797,
      1.2389671802520752,
      1.2525869607925415,
      1.196801781654358,
      1.3864279985427856,
      1.3596138954162598,
      1.2814515829086304,
      1.366146206855774,
      1.3521279096603394,
      1.6820851564407349
    ],
    "mean_std_overall": 1.479682445526123,
    "mean_tau_std": 1.2430400848388672,
    "n_test_samples": 6144
  }
}