{
  "run_id": 26,
  "run_name": "5x512_dr0.17_lr1.4e-05_wd5e-03_b128_strong_ends",
  "hyperparams": {
    "hidden_dims": [
      512,
      512,
      512,
      512,
      512
    ],
    "dropout": 0.17,
    "learning_rate": 1.4e-05,
    "weight_decay": 0.00501,
    "sigma_floor": 0.0204,
    "batch_size": 128,
    "level_weights": [
      6.0,
      2.0,
      1.0,
      1.0,
      1.0,
      1.0,
      1.0,
      2.0,
      3.0,
      5.0
    ],
    "level_weights_name": "strong_ends",
    "n_epochs": 400,
    "scheduler_patience": 30,
    "early_stop_patience": 40,
    "lambda_physics": 0.1,
    "lambda_monotonicity": 0.0,
    "lambda_adiabatic": 0.1,
    "lambda_smoothness": 0.1
  },
  "n_params": 1395222,
  "best_val_loss": -4.793842904029354,
  "best_epoch": 2,
  "final_epoch": 42,
  "train_time_seconds": 180.19037437438965,
  "test_nll": -6.171699543793996,
  "test_metrics": {
    "rmse_per_level": [
      1.4181592464447021,
      1.2806804180145264,
      0.906338095664978,
      0.7183453440666199,
      0.7682642936706543,
      1.023174524307251,
      0.8549747467041016,
      1.1485087871551514,
      1.3203887939453125,
      2.797698736190796
    ],
    "mean_rmse": 1.2236533164978027,
    "tau_rmse": 1.637683391571045,
    "mean_std_per_level": [
      3.0168521404266357,
      1.6100564002990723,
      1.222253441810608,
      1.1562169790267944,
      1.1264287233352661,
      1.1814512014389038,
      1.1871222257614136,
      1.2984832525253296,
      1.4527812004089355,
      1.9033465385437012
    ],
    "mean_std_overall": 1.5154995918273926,
    "mean_tau_std": 1.6378998756408691,
    "n_test_samples": 6144
  }
}