{
  "run_id": 49,
  "run_name": "3x256_dr0.03_lr3.1e-05_wd3e-06_b512_deep",
  "hyperparams": {
    "hidden_dims": [
      256,
      256,
      256
    ],
    "dropout": 0.03,
    "learning_rate": 3.1e-05,
    "weight_decay": 2.89e-06,
    "sigma_floor": 0.0352,
    "batch_size": 512,
    "level_weights": [
      1.0,
      1.0,
      1.0,
      1.5,
      2.0,
      2.5,
      3.0,
      3.5,
      4.0,
      5.0
    ],
    "level_weights_name": "deep",
    "n_epochs": 400,
    "scheduler_patience": 30,
    "early_stop_patience": 40,
    "lambda_physics": 0.1,
    "lambda_monotonicity": 0.0,
    "lambda_adiabatic": 0.1,
    "lambda_smoothness": 0.1
  },
  "n_params": 302870,
  "best_val_loss": -5.807427331805229,
  "best_epoch": 20,
  "final_epoch": 60,
  "train_time_seconds": 77.26282596588135,
  "test_nll": -6.188047369321187,
  "test_metrics": {
    "rmse_per_level": [
      1.5643805265426636,
      1.227556824684143,
      0.6753227114677429,
      0.6355972290039062,
      0.5858581066131592,
      0.7786935567855835,
      0.7678694725036621,
      0.9856756329536438,
      1.2256512641906738,
      2.7011303901672363
    ],
    "mean_rmse": 1.1147735118865967,
    "tau_rmse": 1.037575364112854,
    "mean_std_per_level": [
      3.058626890182495,
      1.5533558130264282,
      1.002138376235962,
      1.1116575002670288,
      1.1099053621292114,
      1.1229842901229858,
      1.050714135169983,
      1.0998822450637817,
      1.1762664318084717,
      1.4761748313903809
    ],
    "mean_std_overall": 1.3761695623397827,
    "mean_tau_std": 1.243430733680725,
    "n_test_samples": 6144
  }
}