{
  "run_id": 42,
  "run_name": "6x256_dr0.23_lr1.6e-04_wd8e-03_b256_uniform",
  "hyperparams": {
    "hidden_dims": [
      256,
      256,
      256,
      256,
      256,
      256
    ],
    "dropout": 0.225,
    "learning_rate": 0.000156,
    "weight_decay": 0.00845,
    "sigma_floor": 0.0459,
    "batch_size": 256,
    "level_weights": [
      1.0,
      1.0,
      1.0,
      1.0,
      1.0,
      1.0,
      1.0,
      1.0,
      1.0,
      1.0
    ],
    "level_weights_name": "uniform",
    "n_epochs": 400,
    "scheduler_patience": 30,
    "early_stop_patience": 40,
    "lambda_physics": 0.1,
    "lambda_monotonicity": 0.0,
    "lambda_adiabatic": 0.1,
    "lambda_smoothness": 0.1
  },
  "n_params": 501782,
  "best_val_loss": -5.211047649383545,
  "best_epoch": 3,
  "final_epoch": 43,
  "train_time_seconds": 107.78314995765686,
  "test_nll": -5.878586669762929,
  "test_metrics": {
    "rmse_per_level": [
      1.5749150514602661,
      1.2999857664108276,
      0.8278893232345581,
      0.7042000889778137,
      0.6631093621253967,
      0.8537871241569519,
      0.761885404586792,
      1.085853934288025,
      1.1277350187301636,
      2.620548725128174
    ],
    "mean_rmse": 1.1519908905029297,
    "tau_rmse": 1.1700232028961182,
    "mean_std_per_level": [
      3.751901388168335,
      0.902831494808197,
      0.8955929279327393,
      0.8887331485748291,
      0.9054349064826965,
      0.8890178799629211,
      0.908540666103363,
      1.018924593925476,
      1.0619045495986938,
      1.6145200729370117
    ],
    "mean_std_overall": 1.2837313413619995,
    "mean_tau_std": 1.2160186767578125,
    "n_test_samples": 6144
  }
}