{
  "run_id": 57,
  "run_name": "tapered_dr0.26_lr2.4e-04_wd2e-06_b256_ends",
  "hyperparams": {
    "hidden_dims": [
      512,
      256,
      256,
      128,
      128
    ],
    "dropout": 0.255,
    "learning_rate": 0.000241,
    "weight_decay": 1.53e-06,
    "sigma_floor": 0.0095,
    "batch_size": 256,
    "level_weights": [
      4.0,
      1.5,
      1.0,
      1.0,
      1.0,
      1.0,
      1.0,
      1.5,
      2.0,
      3.0
    ],
    "level_weights_name": "ends",
    "n_epochs": 400,
    "scheduler_patience": 30,
    "early_stop_patience": 40,
    "lambda_physics": 0.1,
    "lambda_monotonicity": 0.0,
    "lambda_adiabatic": 0.1,
    "lambda_smoothness": 0.1
  },
  "n_params": 580118,
  "best_val_loss": -5.367788322510258,
  "best_epoch": 3,
  "final_epoch": 43,
  "train_time_seconds": 103.74669098854065,
  "test_nll": -6.425376812616984,
  "test_metrics": {
    "rmse_per_level": [
      1.5700236558914185,
      1.092550277709961,
      0.989013671875,
      1.0006020069122314,
      0.8890169858932495,
      0.9743616580963135,
      0.9685472249984741,
      0.9662273526191711,
      0.9113626480102539,
      2.371828317642212
    ],
    "mean_rmse": 1.1733533143997192,
    "tau_rmse": 1.3875389099121094,
    "mean_std_per_level": [
      3.8563222885131836,
      1.477763295173645,
      1.0970858335494995,
      1.1629009246826172,
      1.0867815017700195,
      1.095017671585083,
      1.2293837070465088,
      1.5460014343261719,
      1.8646844625473022,
      2.2652790546417236
    ],
    "mean_std_overall": 1.6681132316589355,
    "mean_tau_std": 1.542799949645996,
    "n_test_samples": 6144
  }
}