{
  "run_id": 2,
  "run_name": "4x256_dr0.18_lr8.8e-04_wd4e-04_b256_top",
  "hyperparams": {
    "hidden_dims": [
      256,
      256,
      256,
      256
    ],
    "dropout": 0.18,
    "learning_rate": 0.000875,
    "weight_decay": 0.000433,
    "sigma_floor": 0.0105,
    "batch_size": 256,
    "level_weights": [
      6.0,
      3.0,
      2.0,
      1.0,
      1.0,
      1.0,
      1.0,
      1.0,
      1.0,
      1.0
    ],
    "level_weights_name": "top",
    "n_epochs": 400,
    "scheduler_patience": 30,
    "early_stop_patience": 40,
    "lambda_physics": 0.1,
    "lambda_monotonicity": 0.0,
    "lambda_adiabatic": 0.1,
    "lambda_smoothness": 0.1
  },
  "n_params": 369174,
  "best_val_loss": -4.363381751122013,
  "best_epoch": 0,
  "final_epoch": 40,
  "train_time_seconds": 92.71037030220032,
  "test_nll": -6.148781796296437,
  "test_metrics": {
    "rmse_per_level": [
      1.514291763305664,
      1.1842252016067505,
      0.8861213326454163,
      0.8470690250396729,
      0.7788249850273132,
      0.8724961280822754,
      0.8147975206375122,
      0.9597976803779602,
      1.0895320177078247,
      2.5757410526275635
    ],
    "mean_rmse": 1.152289628982544,
    "tau_rmse": 2.4617977142333984,
    "mean_std_per_level": [
      4.159301280975342,
      1.7286828756332397,
      1.0804530382156372,
      1.123096227645874,
      1.0354161262512207,
      1.089811086654663,
      1.2722296714782715,
      1.4504448175430298,
      1.6806584596633911,
      2.420306444168091
    ],
    "mean_std_overall": 1.704033613204956,
    "mean_tau_std": 2.294968843460083,
    "n_test_samples": 6144
  }
}