{
  "run_id": 40,
  "run_name": "5x512_dr0.17_lr1.8e-05_wd3e-04_b512_ends",
  "hyperparams": {
    "hidden_dims": [
      512,
      512,
      512,
      512,
      512
    ],
    "dropout": 0.167,
    "learning_rate": 1.8e-05,
    "weight_decay": 0.000336,
    "sigma_floor": 0.047,
    "batch_size": 512,
    "level_weights": [
      4.0,
      1.5,
      1.0,
      1.0,
      1.0,
      1.0,
      1.0,
      1.5,
      2.0,
      3.0
    ],
    "level_weights_name": "ends",
    "n_epochs": 400,
    "scheduler_patience": 30,
    "early_stop_patience": 40,
    "lambda_physics": 0.1,
    "lambda_monotonicity": 0.0,
    "lambda_adiabatic": 0.1,
    "lambda_smoothness": 0.1
  },
  "n_params": 1395222,
  "best_val_loss": -4.655637487769127,
  "best_epoch": 3,
  "final_epoch": 43,
  "train_time_seconds": 72.97739219665527,
  "test_nll": -5.694268663724263,
  "test_metrics": {
    "rmse_per_level": [
      1.6919971704483032,
      1.6350029706954956,
      1.1437225341796875,
      0.9430150985717773,
      1.0654735565185547,
      1.16819429397583,
      1.0122605562210083,
      1.3095790147781372,
      1.4846630096435547,
      2.9443747997283936
    ],
    "mean_rmse": 1.4398283958435059,
    "tau_rmse": 1.1998251676559448,
    "mean_std_per_level": [
      2.8469746112823486,
      1.5449544191360474,
      1.541770339012146,
      1.399959921836853,
      1.439584732055664,
      1.4150575399398804,
      1.4658918380737305,
      1.4495693445205688,
      1.4589170217514038,
      1.5882350206375122
    ],
    "mean_std_overall": 1.6150912046432495,
    "mean_tau_std": 1.488608956336975,
    "n_test_samples": 6144
  }
}