{
  "run_id": 69,
  "run_name": "5x512_dr0.35_lr9.6e-05_wd4e-06_b512_strong_ends",
  "hyperparams": {
    "hidden_dims": [
      512,
      512,
      512,
      512,
      512
    ],
    "dropout": 0.348,
    "learning_rate": 9.6e-05,
    "weight_decay": 3.59e-06,
    "sigma_floor": 0.0307,
    "batch_size": 512,
    "level_weights": [
      6.0,
      2.0,
      1.0,
      1.0,
      1.0,
      1.0,
      1.0,
      2.0,
      3.0,
      5.0
    ],
    "level_weights_name": "strong_ends",
    "n_epochs": 400,
    "scheduler_patience": 30,
    "early_stop_patience": 40,
    "lambda_physics": 0.1,
    "lambda_monotonicity": 0.0,
    "lambda_adiabatic": 0.1,
    "lambda_smoothness": 0.1
  },
  "n_params": 1395222,
  "best_val_loss": -4.5752208307385445,
  "best_epoch": 3,
  "final_epoch": 43,
  "train_time_seconds": 60.98587608337402,
  "test_nll": -6.066708604494731,
  "test_metrics": {
    "rmse_per_level": [
      1.2469284534454346,
      1.1165900230407715,
      0.8227677941322327,
      0.7100777626037598,
      0.7015008330345154,
      0.9397163987159729,
      0.8529177904129028,
      1.1797491312026978,
      1.159895658493042,
      2.682899236679077
    ],
    "mean_rmse": 1.1413042545318604,
    "tau_rmse": 1.3958646059036255,
    "mean_std_per_level": [
      2.9150450229644775,
      1.6623073816299438,
      0.9380500316619873,
      0.9603478312492371,
      0.9617619514465332,
      0.9126684069633484,
      0.9797236919403076,
      1.2409778833389282,
      1.38145911693573,
      1.637366771697998
    ],
    "mean_std_overall": 1.3589643239974976,
    "mean_tau_std": 1.4769020080566406,
    "n_test_samples": 6144
  }
}