{
  "run_id": 61,
  "run_name": "4x256_dr0.24_lr2.6e-03_wd5e-06_b128_deep",
  "hyperparams": {
    "hidden_dims": [
      256,
      256,
      256,
      256
    ],
    "dropout": 0.244,
    "learning_rate": 0.002604,
    "weight_decay": 4.58e-06,
    "sigma_floor": 0.0195,
    "batch_size": 128,
    "level_weights": [
      1.0,
      1.0,
      1.0,
      1.5,
      2.0,
      2.5,
      3.0,
      3.5,
      4.0,
      5.0
    ],
    "level_weights_name": "deep",
    "n_epochs": 400,
    "scheduler_patience": 30,
    "early_stop_patience": 40,
    "lambda_physics": 0.1,
    "lambda_monotonicity": 0.0,
    "lambda_adiabatic": 0.1,
    "lambda_smoothness": 0.1
  },
  "n_params": 369174,
  "best_val_loss": -5.9679537550095585,
  "best_epoch": 2,
  "final_epoch": 42,
  "train_time_seconds": 170.47575116157532,
  "test_nll": -6.664431114991506,
  "test_metrics": {
    "rmse_per_level": [
      1.6179053783416748,
      1.133259654045105,
      0.854816198348999,
      0.9033612608909607,
      0.7275753021240234,
      0.8926149606704712,
      0.9108750820159912,
      0.9417285919189453,
      0.9762800931930542,
      2.4413912296295166
    ],
    "mean_rmse": 1.139980673789978,
    "tau_rmse": 1.2094228267669678,
    "mean_std_per_level": [
      3.847050428390503,
      1.2458139657974243,
      0.9706113338470459,
      0.9731119275093079,
      0.9424814581871033,
      0.9167771935462952,
      1.0602376461029053,
      1.1701070070266724,
      1.5736972093582153,
      2.208678960800171
    ],
    "mean_std_overall": 1.490851879119873,
    "mean_tau_std": 1.5139389038085938,
    "n_test_samples": 6144
  }
}