{
  "run_id": 7,
  "run_name": "3x128_dr0.06_lr1.1e-05_wd3e-06_b128_ends",
  "hyperparams": {
    "hidden_dims": [
      128,
      128,
      128
    ],
    "dropout": 0.061,
    "learning_rate": 1.1e-05,
    "weight_decay": 2.6e-06,
    "sigma_floor": 0.0335,
    "batch_size": 128,
    "level_weights": [
      4.0,
      1.5,
      1.0,
      1.0,
      1.0,
      1.0,
      1.0,
      1.5,
      2.0,
      3.0
    ],
    "level_weights_name": "ends",
    "n_epochs": 400,
    "scheduler_patience": 30,
    "early_stop_patience": 40,
    "lambda_physics": 0.1,
    "lambda_monotonicity": 0.0,
    "lambda_adiabatic": 0.1,
    "lambda_smoothness": 0.1
  },
  "n_params": 118678,
  "best_val_loss": -4.9609235755858885,
  "best_epoch": 9,
  "final_epoch": 49,
  "train_time_seconds": 191.00741505622864,
  "test_nll": -6.188673108816147,
  "test_metrics": {
    "rmse_per_level": [
      1.534119963645935,
      1.2934471368789673,
      0.8769104480743408,
      0.801202118396759,
      0.7404459714889526,
      0.8343560695648193,
      0.8388338088989258,
      0.907386064529419,
      1.1703662872314453,
      2.6229236125946045
    ],
    "mean_rmse": 1.161999225616455,
    "tau_rmse": 1.1129601001739502,
    "mean_std_per_level": [
      3.008917808532715,
      1.7445454597473145,
      1.2281724214553833,
      1.128975510597229,
      1.4595800638198853,
      1.3000999689102173,
      1.2202602624893188,
      1.6018385887145996,
      1.6712452173233032,
      2.143348455429077
    ],
    "mean_std_overall": 1.6506975889205933,
    "mean_tau_std": 1.4098434448242188,
    "n_test_samples": 6144
  }
}