{
  "run_id": 35,
  "run_name": "4x256_dr0.15_lr4.8e-05_wd3e-05_b512_top",
  "hyperparams": {
    "hidden_dims": [
      256,
      256,
      256,
      256
    ],
    "dropout": 0.154,
    "learning_rate": 4.8e-05,
    "weight_decay": 2.65e-05,
    "sigma_floor": 0.0256,
    "batch_size": 512,
    "level_weights": [
      6.0,
      3.0,
      2.0,
      1.0,
      1.0,
      1.0,
      1.0,
      1.0,
      1.0,
      1.0
    ],
    "level_weights_name": "top",
    "n_epochs": 400,
    "scheduler_patience": 30,
    "early_stop_patience": 40,
    "lambda_physics": 0.1,
    "lambda_monotonicity": 0.0,
    "lambda_adiabatic": 0.1,
    "lambda_smoothness": 0.1
  },
  "n_params": 369174,
  "best_val_loss": -4.487669885158539,
  "best_epoch": 5,
  "final_epoch": 45,
  "train_time_seconds": 61.39253854751587,
  "test_nll": -6.4679694175720215,
  "test_metrics": {
    "rmse_per_level": [
      1.3144361972808838,
      1.3518778085708618,
      0.8179004788398743,
      0.7037204504013062,
      0.661055326461792,
      0.9223925471305847,
      0.8146213889122009,
      1.088843584060669,
      1.2165968418121338,
      2.81217360496521
    ],
    "mean_rmse": 1.1703617572784424,
    "tau_rmse": 1.2566604614257812,
    "mean_std_per_level": [
      2.7625577449798584,
      1.5922802686691284,
      1.1358712911605835,
      1.360031247138977,
      1.0848785638809204,
      1.1921554803848267,
      1.3290269374847412,
      1.625641942024231,
      1.6764997243881226,
      2.4136533737182617
    ],
    "mean_std_overall": 1.6172592639923096,
    "mean_tau_std": 1.4880348443984985,
    "n_test_samples": 6144
  }
}