{
  "run_id": 59,
  "run_name": "4x256_dr0.01_lr4.9e-04_wd1e-06_b256_strong_ends",
  "hyperparams": {
    "hidden_dims": [
      256,
      256,
      256,
      256
    ],
    "dropout": 0.007,
    "learning_rate": 0.000487,
    "weight_decay": 1.16e-06,
    "sigma_floor": 0.009,
    "batch_size": 256,
    "level_weights": [
      6.0,
      2.0,
      1.0,
      1.0,
      1.0,
      1.0,
      1.0,
      2.0,
      3.0,
      5.0
    ],
    "level_weights_name": "strong_ends",
    "n_epochs": 400,
    "scheduler_patience": 30,
    "early_stop_patience": 40,
    "lambda_physics": 0.1,
    "lambda_monotonicity": 0.0,
    "lambda_adiabatic": 0.1,
    "lambda_smoothness": 0.1
  },
  "n_params": 369174,
  "best_val_loss": -3.8294306089801173,
  "best_epoch": 0,
  "final_epoch": 40,
  "train_time_seconds": 93.19379568099976,
  "test_nll": -6.277479986349742,
  "test_metrics": {
    "rmse_per_level": [
      1.444230318069458,
      1.2882704734802246,
      0.8580649495124817,
      0.8266098499298096,
      0.7232378721237183,
      0.849754273891449,
      0.8003384470939636,
      0.9553878903388977,
      1.1937192678451538,
      2.549344778060913
    ],
    "mean_rmse": 1.1488957405090332,
    "tau_rmse": 1.5124601125717163,
    "mean_std_per_level": [
      2.7766964435577393,
      1.4652692079544067,
      1.0197986364364624,
      0.9872867465019226,
      0.9952691197395325,
      0.9949653744697571,
      1.0851082801818848,
      1.1198810338974,
      1.3489060401916504,
      1.8964389562606812
    ],
    "mean_std_overall": 1.3689590692520142,
    "mean_tau_std": 1.9499481916427612,
    "n_test_samples": 6144
  }
}