{
  "run_id": 91,
  "run_name": "4x256_dr0.21_lr2.6e-05_wd2e-06_b256_ends",
  "hyperparams": {
    "hidden_dims": [
      256,
      256,
      256,
      256
    ],
    "dropout": 0.207,
    "learning_rate": 2.6e-05,
    "weight_decay": 2.43e-06,
    "sigma_floor": 0.0424,
    "batch_size": 256,
    "level_weights": [
      4.0,
      1.5,
      1.0,
      1.0,
      1.0,
      1.0,
      1.0,
      1.5,
      2.0,
      3.0
    ],
    "level_weights_name": "ends",
    "n_epochs": 400,
    "scheduler_patience": 30,
    "early_stop_patience": 40,
    "lambda_physics": 0.1,
    "lambda_monotonicity": 0.0,
    "lambda_adiabatic": 0.1,
    "lambda_smoothness": 0.1
  },
  "n_params": 369174,
  "best_val_loss": -4.850035567437449,
  "best_epoch": 6,
  "final_epoch": 46,
  "train_time_seconds": 106.9492552280426,
  "test_nll": -5.848182260990143,
  "test_metrics": {
    "rmse_per_level": [
      1.3976134061813354,
      1.3070564270019531,
      0.8897298574447632,
      0.7724460959434509,
      0.7318134307861328,
      0.8821593523025513,
      0.7627672553062439,
      1.1442404985427856,
      1.256422996520996,
      2.8442249298095703
    ],
    "mean_rmse": 1.1988474130630493,
    "tau_rmse": 1.2904748916625977,
    "mean_std_per_level": [
      2.9862096309661865,
      1.3159180879592896,
      1.0239042043685913,
      1.1109638214111328,
      1.145806908607483,
      1.024274230003357,
      1.129576563835144,
      1.1829942464828491,
      1.239843726158142,
      1.6567883491516113
    ],
    "mean_std_overall": 1.3816258907318115,
    "mean_tau_std": 1.408837914466858,
    "n_test_samples": 6144
  }
}