{
  "run_id": 19,
  "run_name": "tapered_dr0.05_lr4.7e-03_wd2e-03_b512_top",
  "hyperparams": {
    "hidden_dims": [
      512,
      256,
      256,
      128,
      128
    ],
    "dropout": 0.051,
    "learning_rate": 0.004671,
    "weight_decay": 0.00183,
    "sigma_floor": 0.0314,
    "batch_size": 512,
    "level_weights": [
      6.0,
      3.0,
      2.0,
      1.0,
      1.0,
      1.0,
      1.0,
      1.0,
      1.0,
      1.0
    ],
    "level_weights_name": "top",
    "n_epochs": 400,
    "scheduler_patience": 30,
    "early_stop_patience": 40,
    "lambda_physics": 0.1,
    "lambda_monotonicity": 0.0,
    "lambda_adiabatic": 0.1,
    "lambda_smoothness": 0.1
  },
  "n_params": 580118,
  "best_val_loss": -4.31834951043129,
  "best_epoch": 1,
  "final_epoch": 41,
  "train_time_seconds": 59.579267263412476,
  "test_nll": -5.433003306388855,
  "test_metrics": {
    "rmse_per_level": [
      2.8155617713928223,
      1.7078896760940552,
      1.2267018556594849,
      1.5762206315994263,
      0.9773765206336975,
      1.2436035871505737,
      1.0290802717208862,
      0.8098584413528442,
      1.1106420755386353,
      2.4666476249694824
    ],
    "mean_rmse": 1.4963582754135132,
    "tau_rmse": 2.0835351943969727,
    "mean_std_per_level": [
      7.161417007446289,
      1.5165244340896606,
      0.9067793488502502,
      1.0280629396438599,
      0.9607033729553223,
      0.9280879497528076,
      0.9873774647712708,
      2.0687406063079834,
      2.3085145950317383,
      2.9598376750946045
    ],
    "mean_std_overall": 2.0826125144958496,
    "mean_tau_std": 2.8210372924804688,
    "n_test_samples": 6144
  }
}