{
  "run_id": 27,
  "run_name": "tapered_dr0.11_lr7.2e-04_wd4e-05_b512_deep",
  "hyperparams": {
    "hidden_dims": [
      512,
      256,
      256,
      128,
      128
    ],
    "dropout": 0.107,
    "learning_rate": 0.000718,
    "weight_decay": 3.98e-05,
    "sigma_floor": 0.0264,
    "batch_size": 512,
    "level_weights": [
      1.0,
      1.0,
      1.0,
      1.5,
      2.0,
      2.5,
      3.0,
      3.5,
      4.0,
      5.0
    ],
    "level_weights_name": "deep",
    "n_epochs": 400,
    "scheduler_patience": 30,
    "early_stop_patience": 40,
    "lambda_physics": 0.1,
    "lambda_monotonicity": 0.0,
    "lambda_adiabatic": 0.1,
    "lambda_smoothness": 0.1
  },
  "n_params": 580118,
  "best_val_loss": -5.6530124098062515,
  "best_epoch": 4,
  "final_epoch": 44,
  "train_time_seconds": 73.27238321304321,
  "test_nll": -6.431401292483012,
  "test_metrics": {
    "rmse_per_level": [
      1.5662442445755005,
      1.1115663051605225,
      0.8238114714622498,
      0.7570441961288452,
      0.6713137626647949,
      0.8175981044769287,
      0.7527093291282654,
      0.9630296230316162,
      1.0513333082199097,
      2.4924044609069824
    ],
    "mean_rmse": 1.1007055044174194,
    "tau_rmse": 1.287290096282959,
    "mean_std_per_level": [
      3.5204029083251953,
      1.491937279701233,
      0.9119864106178284,
      0.9382291436195374,
      0.906139612197876,
      0.8977537751197815,
      0.938189685344696,
      1.1218994855880737,
      1.2518497705459595,
      1.6846284866333008
    ],
    "mean_std_overall": 1.3662967681884766,
    "mean_tau_std": 1.4654086828231812,
    "n_test_samples": 6144
  }
}