{
  "run_id": 45,
  "run_name": "tapered_dr0.08_lr3.6e-05_wd1e-03_b256_deep",
  "hyperparams": {
    "hidden_dims": [
      512,
      512,
      256,
      256
    ],
    "dropout": 0.078,
    "learning_rate": 3.6e-05,
    "weight_decay": 0.00145,
    "sigma_floor": 0.0158,
    "batch_size": 256,
    "level_weights": [
      1.0,
      1.0,
      1.0,
      1.5,
      2.0,
      2.5,
      3.0,
      3.5,
      4.0,
      5.0
    ],
    "level_weights_name": "deep",
    "n_epochs": 400,
    "scheduler_patience": 30,
    "early_stop_patience": 40,
    "lambda_physics": 0.1,
    "lambda_monotonicity": 0.0,
    "lambda_adiabatic": 0.1,
    "lambda_smoothness": 0.1
  },
  "n_params": 796694,
  "best_val_loss": -6.415833119423159,
  "best_epoch": 8,
  "final_epoch": 48,
  "train_time_seconds": 109.02930331230164,
  "test_nll": -6.77124951283137,
  "test_metrics": {
    "rmse_per_level": [
      1.6200392246246338,
      1.1720163822174072,
      0.6966668963432312,
      0.6381167769432068,
      0.5833455324172974,
      0.7562875151634216,
      0.8212752342224121,
      0.997908890247345,
      1.1637341976165771,
      2.606252431869507
    ],
    "mean_rmse": 1.1055643558502197,
    "tau_rmse": 1.181941270828247,
    "mean_std_per_level": [
      3.356367826461792,
      1.4672960042953491,
      0.9594481587409973,
      0.9147568345069885,
      0.9003446102142334,
      0.8959991335868835,
      0.9404187798500061,
      1.0127601623535156,
      1.2190967798233032,
      1.7758169174194336
    ],
    "mean_std_overall": 1.3442261219024658,
    "mean_tau_std": 1.275166630744934,
    "n_test_samples": 6144
  }
}