{
  "run_id": 58,
  "run_name": "6x256_dr0.22_lr2.9e-03_wd7e-06_b128_uniform",
  "hyperparams": {
    "hidden_dims": [
      256,
      256,
      256,
      256,
      256,
      256
    ],
    "dropout": 0.221,
    "learning_rate": 0.002867,
    "weight_decay": 6.99e-06,
    "sigma_floor": 0.0361,
    "batch_size": 128,
    "level_weights": [
      1.0,
      1.0,
      1.0,
      1.0,
      1.0,
      1.0,
      1.0,
      1.0,
      1.0,
      1.0
    ],
    "level_weights_name": "uniform",
    "n_epochs": 400,
    "scheduler_patience": 30,
    "early_stop_patience": 40,
    "lambda_physics": 0.1,
    "lambda_monotonicity": 0.0,
    "lambda_adiabatic": 0.1,
    "lambda_smoothness": 0.1
  },
  "n_params": 501782,
  "best_val_loss": -5.219452456120522,
  "best_epoch": 4,
  "final_epoch": 44,
  "train_time_seconds": 194.6942000389099,
  "test_nll": -6.18577840924263,
  "test_metrics": {
    "rmse_per_level": [
      1.405407190322876,
      1.1427724361419678,
      1.0307354927062988,
      0.9753873944282532,
      0.7937371134757996,
      0.839359700679779,
      0.8577741980552673,
      0.9620005488395691,
      0.9942198395729065,
      2.434476375579834
    ],
    "mean_rmse": 1.1435868740081787,
    "tau_rmse": 1.2682366371154785,
    "mean_std_per_level": [
      4.107837200164795,
      0.8940094113349915,
      0.8925784230232239,
      1.03111732006073,
      0.8915858268737793,
      0.8959683775901794,
      0.905399739742279,
      1.046079397201538,
      1.3446990251541138,
      2.134108304977417
    ],
    "mean_std_overall": 1.414328932762146,
    "mean_tau_std": 1.3322757482528687,
    "n_test_samples": 6144
  }
}