{
  "run_id": 63,
  "run_name": "3x128_dr0.32_lr3.4e-05_wd2e-04_b512_ends",
  "hyperparams": {
    "hidden_dims": [
      128,
      128,
      128
    ],
    "dropout": 0.323,
    "learning_rate": 3.4e-05,
    "weight_decay": 0.000156,
    "sigma_floor": 0.0128,
    "batch_size": 512,
    "level_weights": [
      4.0,
      1.5,
      1.0,
      1.0,
      1.0,
      1.0,
      1.0,
      1.5,
      2.0,
      3.0
    ],
    "level_weights_name": "ends",
    "n_epochs": 400,
    "scheduler_patience": 30,
    "early_stop_patience": 40,
    "lambda_physics": 0.1,
    "lambda_monotonicity": 0.0,
    "lambda_adiabatic": 0.1,
    "lambda_smoothness": 0.1
  },
  "n_params": 118678,
  "best_val_loss": -5.648105591535568,
  "best_epoch": 78,
  "final_epoch": 118,
  "train_time_seconds": 147.60024213790894,
  "test_nll": -6.677518844604492,
  "test_metrics": {
    "rmse_per_level": [
      1.528617024421692,
      1.1250810623168945,
      0.6706881523132324,
      0.6130874156951904,
      0.5667101144790649,
      0.7159302830696106,
      0.7118985056877136,
      0.8754882216453552,
      1.032997727394104,
      2.493633985519409
    ],
    "mean_rmse": 1.0334131717681885,
    "tau_rmse": 1.2759373188018799,
    "mean_std_per_level": [
      3.3643548488616943,
      1.360779881477356,
      0.9173104763031006,
      0.9479799866676331,
      0.9098973274230957,
      0.9069757461547852,
      0.9576578736305237,
      1.079288125038147,
      1.4586857557296753,
      2.055633068084717
    ],
    "mean_std_overall": 1.3958557844161987,
    "mean_tau_std": 1.4395389556884766,
    "n_test_samples": 6144
  }
}