{
  "run_id": 86,
  "run_name": "5x512_dr0.16_lr1.6e-04_wd3e-06_b128_uniform",
  "hyperparams": {
    "hidden_dims": [
      512,
      512,
      512,
      512,
      512
    ],
    "dropout": 0.158,
    "learning_rate": 0.000165,
    "weight_decay": 3.23e-06,
    "sigma_floor": 0.0463,
    "batch_size": 128,
    "level_weights": [
      1.0,
      1.0,
      1.0,
      1.0,
      1.0,
      1.0,
      1.0,
      1.0,
      1.0,
      1.0
    ],
    "level_weights_name": "uniform",
    "n_epochs": 400,
    "scheduler_patience": 30,
    "early_stop_patience": 40,
    "lambda_physics": 0.1,
    "lambda_monotonicity": 0.0,
    "lambda_adiabatic": 0.1,
    "lambda_smoothness": 0.1
  },
  "n_params": 1395222,
  "best_val_loss": -5.071996115869092,
  "best_epoch": 13,
  "final_epoch": 53,
  "train_time_seconds": 225.32837224006653,
  "test_nll": -5.717571914196014,
  "test_metrics": {
    "rmse_per_level": [
      1.6583647727966309,
      1.0807421207427979,
      0.6175567507743835,
      0.49486568570137024,
      0.6775509119033813,
      0.7488471865653992,
      0.7236602902412415,
      1.0128402709960938,
      1.2653268575668335,
      2.806354522705078
    ],
    "mean_rmse": 1.1086108684539795,
    "tau_rmse": 2.0253586769104004,
    "mean_std_per_level": [
      2.289102792739868,
      0.8883211016654968,
      0.8883211016654968,
      0.8883211016654968,
      0.8883211016654968,
      0.8883211016654968,
      0.8883211016654968,
      0.9050353169441223,
      1.063987374305725,
      1.2587180137634277
    ],
    "mean_std_overall": 1.0846596956253052,
    "mean_tau_std": 1.13556969165802,
    "n_test_samples": 6144
  }
}