{
  "run_id": 47,
  "run_name": "6x256_dr0.13_lr5.3e-05_wd1e-03_b128_top",
  "hyperparams": {
    "hidden_dims": [
      256,
      256,
      256,
      256,
      256,
      256
    ],
    "dropout": 0.132,
    "learning_rate": 5.3e-05,
    "weight_decay": 0.00141,
    "sigma_floor": 0.0219,
    "batch_size": 128,
    "level_weights": [
      6.0,
      3.0,
      2.0,
      1.0,
      1.0,
      1.0,
      1.0,
      1.0,
      1.0,
      1.0
    ],
    "level_weights_name": "top",
    "n_epochs": 400,
    "scheduler_patience": 30,
    "early_stop_patience": 40,
    "lambda_physics": 0.1,
    "lambda_monotonicity": 0.0,
    "lambda_adiabatic": 0.1,
    "lambda_smoothness": 0.1
  },
  "n_params": 501782,
  "best_val_loss": -4.536231418530787,
  "best_epoch": 2,
  "final_epoch": 42,
  "train_time_seconds": 186.28583574295044,
  "test_nll": -6.633417169253032,
  "test_metrics": {
    "rmse_per_level": [
      1.336634635925293,
      1.1609652042388916,
      0.7308776378631592,
      0.7317463755607605,
      0.7098455429077148,
      0.8395562767982483,
      0.8294779062271118,
      1.044952630996704,
      1.0687133073806763,
      2.5644922256469727
    ],
    "mean_rmse": 1.1017261743545532,
    "tau_rmse": 1.2078814506530762,
    "mean_std_per_level": [
      2.7507922649383545,
      1.4278669357299805,
      0.9922187924385071,
      0.9858402609825134,
      1.0169082880020142,
      0.9819872975349426,
      1.0946325063705444,
      1.3036876916885376,
      1.4948447942733765,
      2.206294536590576
    ],
    "mean_std_overall": 1.425500750541687,
    "mean_tau_std": 1.4882335662841797,
    "n_test_samples": 6144
  }
}