{
  "run_id": 48,
  "run_name": "3x128_dr0.02_lr1.2e-03_wd1e-03_b256_strong_ends",
  "hyperparams": {
    "hidden_dims": [
      128,
      128,
      128
    ],
    "dropout": 0.016,
    "learning_rate": 0.001196,
    "weight_decay": 0.00128,
    "sigma_floor": 0.0073,
    "batch_size": 256,
    "level_weights": [
      6.0,
      2.0,
      1.0,
      1.0,
      1.0,
      1.0,
      1.0,
      2.0,
      3.0,
      5.0
    ],
    "level_weights_name": "strong_ends",
    "n_epochs": 400,
    "scheduler_patience": 30,
    "early_stop_patience": 40,
    "lambda_physics": 0.1,
    "lambda_monotonicity": 0.0,
    "lambda_adiabatic": 0.1,
    "lambda_smoothness": 0.1
  },
  "n_params": 118678,
  "best_val_loss": -3.876422818029119,
  "best_epoch": 1,
  "final_epoch": 41,
  "train_time_seconds": 96.87550711631775,
  "test_nll": -6.245200534661611,
  "test_metrics": {
    "rmse_per_level": [
      1.3842616081237793,
      1.0913575887680054,
      0.8211891651153564,
      0.7884717583656311,
      0.7776142358779907,
      0.863808810710907,
      0.8982234597206116,
      0.987159788608551,
      1.0764389038085938,
      2.534487247467041
    ],
    "mean_rmse": 1.1223013401031494,
    "tau_rmse": 1.639923334121704,
    "mean_std_per_level": [
      2.854485511779785,
      1.3841899633407593,
      0.9799488186836243,
      0.9783856272697449,
      1.0328577756881714,
      0.9662001729011536,
      1.075785517692566,
      1.2657718658447266,
      1.5199335813522339,
      1.8294340372085571
    ],
    "mean_std_overall": 1.3886879682540894,
    "mean_tau_std": 1.5960441827774048,
    "n_test_samples": 6144
  }
}