{
  "run_id": 73,
  "run_name": "4x256_dr0.30_lr2.7e-05_wd5e-04_b512_uniform",
  "hyperparams": {
    "hidden_dims": [
      256,
      256,
      256,
      256
    ],
    "dropout": 0.3,
    "learning_rate": 2.7e-05,
    "weight_decay": 0.000489,
    "sigma_floor": 0.0447,
    "batch_size": 512,
    "level_weights": [
      1.0,
      1.0,
      1.0,
      1.0,
      1.0,
      1.0,
      1.0,
      1.0,
      1.0,
      1.0
    ],
    "level_weights_name": "uniform",
    "n_epochs": 400,
    "scheduler_patience": 30,
    "early_stop_patience": 40,
    "lambda_physics": 0.1,
    "lambda_monotonicity": 0.0,
    "lambda_adiabatic": 0.1,
    "lambda_smoothness": 0.1
  },
  "n_params": 369174,
  "best_val_loss": -5.3436892330646515,
  "best_epoch": 17,
  "final_epoch": 57,
  "train_time_seconds": 84.78176045417786,
  "test_nll": -5.875661055246989,
  "test_metrics": {
    "rmse_per_level": [
      1.692476749420166,
      1.4478739500045776,
      0.8173938393592834,
      0.7534821629524231,
      0.7064235806465149,
      0.9082345366477966,
      0.8402777314186096,
      1.2175735235214233,
      1.3418917655944824,
      2.793973445892334
    ],
    "mean_rmse": 1.2519601583480835,
    "tau_rmse": 1.2613518238067627,
    "mean_std_per_level": [
      3.8577582836151123,
      0.8919765949249268,
      0.9167314171791077,
      0.902510404586792,
      0.9002675414085388,
      0.8977431654930115,
      0.8914532661437988,
      1.007982850074768,
      1.1216908693313599,
      1.5905017852783203
    ],
    "mean_std_overall": 1.297852873802185,
    "mean_tau_std": 1.1708425283432007,
    "n_test_samples": 6144
  }
}