{
  "run_id": 0,
  "run_name": "3x128_dr0.02_lr2.4e-03_wd4e-03_b512_uniform",
  "hyperparams": {
    "hidden_dims": [
      128,
      128,
      128
    ],
    "dropout": 0.022,
    "learning_rate": 0.002367,
    "weight_decay": 0.0045,
    "sigma_floor": 0.0302,
    "batch_size": 512,
    "level_weights": [
      1.0,
      1.0,
      1.0,
      1.0,
      1.0,
      1.0,
      1.0,
      1.0,
      1.0,
      1.0
    ],
    "level_weights_name": "uniform",
    "n_epochs": 400,
    "scheduler_patience": 30,
    "early_stop_patience": 40,
    "lambda_physics": 0.1,
    "lambda_monotonicity": 0.0,
    "lambda_adiabatic": 0.1,
    "lambda_smoothness": 0.1
  },
  "n_params": 118678,
  "best_val_loss": -5.294509321451187,
  "best_epoch": 1,
  "final_epoch": 41,
  "train_time_seconds": 61.56649398803711,
  "test_nll": -6.140426357587178,
  "test_metrics": {
    "rmse_per_level": [
      1.686729073524475,
      1.2786072492599487,
      0.955229640007019,
      0.9292860627174377,
      0.7862644791603088,
      0.8768154382705688,
      0.9074921011924744,
      0.9080139398574829,
      0.9911848902702332,
      2.395026206970215
    ],
    "mean_rmse": 1.1714649200439453,
    "tau_rmse": 1.6849690675735474,
    "mean_std_per_level": [
      4.319913864135742,
      1.628222942352295,
      0.9011569023132324,
      1.0544241666793823,
      0.9339792132377625,
      0.898148775100708,
      0.9489430785179138,
      1.2580591440200806,
      1.5545049905776978,
      1.8207660913467407
    ],
    "mean_std_overall": 1.5318056344985962,
    "mean_tau_std": 2.28326416015625,
    "n_test_samples": 6144
  }
}