{
  "run_id": 41,
  "run_name": "3x128_dr0.22_lr2.0e-04_wd6e-06_b256_top",
  "hyperparams": {
    "hidden_dims": [
      128,
      128,
      128
    ],
    "dropout": 0.216,
    "learning_rate": 0.0002,
    "weight_decay": 6.22e-06,
    "sigma_floor": 0.0389,
    "batch_size": 256,
    "level_weights": [
      6.0,
      3.0,
      2.0,
      1.0,
      1.0,
      1.0,
      1.0,
      1.0,
      1.0,
      1.0
    ],
    "level_weights_name": "top",
    "n_epochs": 400,
    "scheduler_patience": 30,
    "early_stop_patience": 40,
    "lambda_physics": 0.1,
    "lambda_monotonicity": 0.0,
    "lambda_adiabatic": 0.1,
    "lambda_smoothness": 0.1
  },
  "n_params": 118678,
  "best_val_loss": -4.317356240364813,
  "best_epoch": 2,
  "final_epoch": 42,
  "train_time_seconds": 96.60951781272888,
  "test_nll": -6.039354761441548,
  "test_metrics": {
    "rmse_per_level": [
      1.357566475868225,
      1.2372277975082397,
      0.8891044855117798,
      0.727216362953186,
      0.6509518027305603,
      0.8577352166175842,
      0.7599431872367859,
      1.0296326875686646,
      1.0903396606445312,
      2.531913995742798
    ],
    "mean_rmse": 1.1131631135940552,
    "tau_rmse": 1.3304063081741333,
    "mean_std_per_level": [
      2.9028444290161133,
      0.9191481471061707,
      0.9106333255767822,
      0.9664213061332703,
      0.9131408333778381,
      0.9419112801551819,
      0.9872439503669739,
      1.1699827909469604,
      1.5453028678894043,
      2.047128677368164
    ],
    "mean_std_overall": 1.3303662538528442,
    "mean_tau_std": 1.4928916692733765,
    "n_test_samples": 6144
  }
}