{
  "run_id": 72,
  "run_name": "5x512_dr0.04_lr6.4e-04_wd1e-06_b256_uniform",
  "hyperparams": {
    "hidden_dims": [
      512,
      512,
      512,
      512,
      512
    ],
    "dropout": 0.035,
    "learning_rate": 0.000636,
    "weight_decay": 1.28e-06,
    "sigma_floor": 0.0224,
    "batch_size": 256,
    "level_weights": [
      1.0,
      1.0,
      1.0,
      1.0,
      1.0,
      1.0,
      1.0,
      1.0,
      1.0,
      1.0
    ],
    "level_weights_name": "uniform",
    "n_epochs": 400,
    "scheduler_patience": 30,
    "early_stop_patience": 40,
    "lambda_physics": 0.1,
    "lambda_monotonicity": 0.0,
    "lambda_adiabatic": 0.1,
    "lambda_smoothness": 0.1
  },
  "n_params": 1395222,
  "best_val_loss": -4.900642364255844,
  "best_epoch": 0,
  "final_epoch": 40,
  "train_time_seconds": 97.82180666923523,
  "test_nll": -6.4572376410166425,
  "test_metrics": {
    "rmse_per_level": [
      1.6688461303710938,
      1.3490816354751587,
      0.9457114338874817,
      0.7746366262435913,
      0.6439130902290344,
      0.7781997919082642,
      0.8161271810531616,
      0.9327346086502075,
      1.1094636917114258,
      2.3102505207061768
    ],
    "mean_rmse": 1.1328964233398438,
    "tau_rmse": 1.6746914386749268,
    "mean_std_per_level": [
      3.6507949829101562,
      1.732933521270752,
      1.0471607446670532,
      1.0596445798873901,
      1.0730746984481812,
      0.9655762314796448,
      1.0564340353012085,
      1.2910922765731812,
      1.4974886178970337,
      2.1991448402404785
    ],
    "mean_std_overall": 1.5573257207870483,
    "mean_tau_std": 2.0310239791870117,
    "n_test_samples": 6144
  }
}