{
  "run_id": 80,
  "run_name": "3x256_dr0.07_lr2.6e-04_wd4e-04_b128_uniform",
  "hyperparams": {
    "hidden_dims": [
      256,
      256,
      256
    ],
    "dropout": 0.067,
    "learning_rate": 0.000258,
    "weight_decay": 0.000438,
    "sigma_floor": 0.0372,
    "batch_size": 128,
    "level_weights": [
      1.0,
      1.0,
      1.0,
      1.0,
      1.0,
      1.0,
      1.0,
      1.0,
      1.0,
      1.0
    ],
    "level_weights_name": "uniform",
    "n_epochs": 400,
    "scheduler_patience": 30,
    "early_stop_patience": 40,
    "lambda_physics": 0.1,
    "lambda_monotonicity": 0.0,
    "lambda_adiabatic": 0.1,
    "lambda_smoothness": 0.1
  },
  "n_params": 302870,
  "best_val_loss": -5.330407654085467,
  "best_epoch": 0,
  "final_epoch": 40,
  "train_time_seconds": 158.70806741714478,
  "test_nll": -6.153341054916382,
  "test_metrics": {
    "rmse_per_level": [
      1.6516581773757935,
      1.3259341716766357,
      0.7648192644119263,
      0.682563066482544,
      0.6518645286560059,
      0.8585279583930969,
      0.8031391501426697,
      1.0681756734848022,
      1.2003843784332275,
      2.7732908725738525
    ],
    "mean_rmse": 1.1780357360839844,
    "tau_rmse": 1.169065237045288,
    "mean_std_per_level": [
      2.9045915603637695,
      1.7524042129516602,
      0.9318394064903259,
      0.9601190686225891,
      1.030448079109192,
      0.9603490829467773,
      0.9938638806343079,
      1.1461774110794067,
      1.2681865692138672,
      1.6054810285568237
    ],
    "mean_std_overall": 1.3553385734558105,
    "mean_tau_std": 1.5952421426773071,
    "n_test_samples": 6144
  }
}