{
  "run_id": 18,
  "run_name": "6x256_dr0.09_lr8.2e-05_wd1e-05_b512_deep",
  "hyperparams": {
    "hidden_dims": [
      256,
      256,
      256,
      256,
      256,
      256
    ],
    "dropout": 0.087,
    "learning_rate": 8.2e-05,
    "weight_decay": 1.36e-05,
    "sigma_floor": 0.0178,
    "batch_size": 512,
    "level_weights": [
      1.0,
      1.0,
      1.0,
      1.5,
      2.0,
      2.5,
      3.0,
      3.5,
      4.0,
      5.0
    ],
    "level_weights_name": "deep",
    "n_epochs": 400,
    "scheduler_patience": 30,
    "early_stop_patience": 40,
    "lambda_physics": 0.1,
    "lambda_monotonicity": 0.0,
    "lambda_adiabatic": 0.1,
    "lambda_smoothness": 0.1
  },
  "n_params": 501782,
  "best_val_loss": -6.214989602565765,
  "best_epoch": 7,
  "final_epoch": 47,
  "train_time_seconds": 75.47604608535767,
  "test_nll": -6.673156102498372,
  "test_metrics": {
    "rmse_per_level": [
      1.6776472330093384,
      1.2846214771270752,
      0.6518518924713135,
      0.6038862466812134,
      0.5758944749832153,
      0.7740352153778076,
      0.7573624849319458,
      0.9801561236381531,
      1.2030280828475952,
      2.7381060123443604
    ],
    "mean_rmse": 1.1246588230133057,
    "tau_rmse": 1.292855143547058,
    "mean_std_per_level": [
      3.9395859241485596,
      1.3865151405334473,
      0.9735894799232483,
      0.9692983031272888,
      0.918144166469574,
      0.8995783925056458,
      0.9485918879508972,
      1.0517936944961548,
      1.3186317682266235,
      1.6984142065048218
    ],
    "mean_std_overall": 1.4104067087173462,
    "mean_tau_std": 1.3742245435714722,
    "n_test_samples": 6144
  }
}