{
  "run_id": 24,
  "run_name": "3x256_dr0.07_lr6.9e-05_wd2e-06_b256_deep",
  "hyperparams": {
    "hidden_dims": [
      256,
      256,
      256
    ],
    "dropout": 0.073,
    "learning_rate": 6.9e-05,
    "weight_decay": 1.63e-06,
    "sigma_floor": 0.0432,
    "batch_size": 256,
    "level_weights": [
      1.0,
      1.0,
      1.0,
      1.5,
      2.0,
      2.5,
      3.0,
      3.5,
      4.0,
      5.0
    ],
    "level_weights_name": "deep",
    "n_epochs": 400,
    "scheduler_patience": 30,
    "early_stop_patience": 40,
    "lambda_physics": 0.1,
    "lambda_monotonicity": 0.0,
    "lambda_adiabatic": 0.1,
    "lambda_smoothness": 0.1
  },
  "n_params": 302870,
  "best_val_loss": -5.586702131455945,
  "best_epoch": 18,
  "final_epoch": 58,
  "train_time_seconds": 124.1897394657135,
  "test_nll": -5.9265592495600385,
  "test_metrics": {
    "rmse_per_level": [
      1.5815874338150024,
      1.0290836095809937,
      0.6691009402275085,
      0.6092289686203003,
      0.5979080200195312,
      0.7707907557487488,
      0.8128042817115784,
      1.0656524896621704,
      1.2996786832809448,
      2.8064253330230713
    ],
    "mean_rmse": 1.1242259740829468,
    "tau_rmse": 1.0773975849151611,
    "mean_std_per_level": [
      2.091017961502075,
      0.8883442282676697,
      0.8883211016654968,
      0.8883211016654968,
      0.8976738452911377,
      0.8883211016654968,
      0.8883211016654968,
      0.9578554034233093,
      1.017480492591858,
      1.2906110286712646
    ],
    "mean_std_overall": 1.0696154832839966,
    "mean_tau_std": 1.135685682296753,
    "n_test_samples": 6144
  }
}