{
  "run_id": 51,
  "run_name": "tapered_dr0.12_lr3.0e-04_wd1e-04_b128_deep",
  "hyperparams": {
    "hidden_dims": [
      512,
      256,
      256,
      128,
      128
    ],
    "dropout": 0.115,
    "learning_rate": 0.000305,
    "weight_decay": 0.000102,
    "sigma_floor": 0.0233,
    "batch_size": 128,
    "level_weights": [
      1.0,
      1.0,
      1.0,
      1.5,
      2.0,
      2.5,
      3.0,
      3.5,
      4.0,
      5.0
    ],
    "level_weights_name": "deep",
    "n_epochs": 400,
    "scheduler_patience": 30,
    "early_stop_patience": 40,
    "lambda_physics": 0.1,
    "lambda_monotonicity": 0.0,
    "lambda_adiabatic": 0.1,
    "lambda_smoothness": 0.1
  },
  "n_params": 580118,
  "best_val_loss": -5.937520132610394,
  "best_epoch": 2,
  "final_epoch": 42,
  "train_time_seconds": 179.80333638191223,
  "test_nll": -6.491526772578557,
  "test_metrics": {
    "rmse_per_level": [
      1.6701788902282715,
      1.1310856342315674,
      0.8793672919273376,
      0.9098280668258667,
      0.7156645059585571,
      0.8039008975028992,
      0.8582069277763367,
      0.8646483421325684,
      1.0033411979675293,
      2.376671552658081
    ],
    "mean_rmse": 1.1212893724441528,
    "tau_rmse": 1.4252450466156006,
    "mean_std_per_level": [
      3.6200008392333984,
      1.278307557106018,
      0.9182084202766418,
      0.9306105971336365,
      0.9059441089630127,
      0.894122302532196,
      0.9471494555473328,
      0.9903749823570251,
      1.3394685983657837,
      1.983515739440918
    ],
    "mean_std_overall": 1.3807625770568848,
    "mean_tau_std": 1.4241442680358887,
    "n_test_samples": 6144
  }
}