{
  "run_id": 90,
  "run_name": "tapered_dr0.33_lr1.1e-05_wd5e-05_b256_top",
  "hyperparams": {
    "hidden_dims": [
      512,
      512,
      256,
      256
    ],
    "dropout": 0.325,
    "learning_rate": 1.1e-05,
    "weight_decay": 5.1e-05,
    "sigma_floor": 0.0331,
    "batch_size": 256,
    "level_weights": [
      6.0,
      3.0,
      2.0,
      1.0,
      1.0,
      1.0,
      1.0,
      1.0,
      1.0,
      1.0
    ],
    "level_weights_name": "top",
    "n_epochs": 400,
    "scheduler_patience": 30,
    "early_stop_patience": 40,
    "lambda_physics": 0.1,
    "lambda_monotonicity": 0.0,
    "lambda_adiabatic": 0.1,
    "lambda_smoothness": 0.1
  },
  "n_params": 796694,
  "best_val_loss": -4.329327164157744,
  "best_epoch": 19,
  "final_epoch": 59,
  "train_time_seconds": 132.99006295204163,
  "test_nll": -6.237138489882152,
  "test_metrics": {
    "rmse_per_level": [
      1.357475996017456,
      1.2846693992614746,
      0.7912594676017761,
      0.707478404045105,
      0.705489993095398,
      0.9450492262840271,
      0.8575406074523926,
      1.1800310611724854,
      1.2780423164367676,
      2.8668088912963867
    ],
    "mean_rmse": 1.1973845958709717,
    "tau_rmse": 1.2835649251937866,
    "mean_std_per_level": [
      2.6779134273529053,
      1.3490699529647827,
      0.8891106247901917,
      0.9058773517608643,
      0.9151843190193176,
      0.9012113213539124,
      0.9215177893638611,
      1.1148171424865723,
      1.2915581464767456,
      2.1026387214660645
    ],
    "mean_std_overall": 1.3068814277648926,
    "mean_tau_std": 1.2696822881698608,
    "n_test_samples": 6144
  }
}