{
  "run_id": 70,
  "run_name": "tapered_dr0.10_lr3.7e-04_wd6e-03_b256_top",
  "hyperparams": {
    "hidden_dims": [
      512,
      256,
      256,
      128,
      128
    ],
    "dropout": 0.104,
    "learning_rate": 0.000373,
    "weight_decay": 0.00581,
    "sigma_floor": 0.0069,
    "batch_size": 256,
    "level_weights": [
      6.0,
      3.0,
      2.0,
      1.0,
      1.0,
      1.0,
      1.0,
      1.0,
      1.0,
      1.0
    ],
    "level_weights_name": "top",
    "n_epochs": 400,
    "scheduler_patience": 30,
    "early_stop_patience": 40,
    "lambda_physics": 0.1,
    "lambda_monotonicity": 0.0,
    "lambda_adiabatic": 0.1,
    "lambda_smoothness": 0.1
  },
  "n_params": 580118,
  "best_val_loss": -3.996466471302894,
  "best_epoch": 0,
  "final_epoch": 40,
  "train_time_seconds": 98.10015892982483,
  "test_nll": -6.214435974756877,
  "test_metrics": {
    "rmse_per_level": [
      1.3617907762527466,
      1.138146162033081,
      1.0216151475906372,
      0.9889376759529114,
      0.6973469853401184,
      0.9824092388153076,
      0.9652093648910522,
      0.8538923859596252,
      0.9025039672851562,
      2.4175209999084473
    ],
    "mean_rmse": 1.1329371929168701,
    "tau_rmse": 1.818050742149353,
    "mean_std_per_level": [
      3.350417375564575,
      1.8026951551437378,
      1.3463945388793945,
      1.369884967803955,
      1.4914354085922241,
      1.4155625104904175,
      1.3876856565475464,
      1.8309634923934937,
      1.8445271253585815,
      2.4646785259246826
    ],
    "mean_std_overall": 1.8304245471954346,
    "mean_tau_std": 1.984786868095398,
    "n_test_samples": 6144
  }
}