{
  "run_id": 81,
  "run_name": "4x512_dr0.33_lr1.8e-03_wd2e-04_b128_ends",
  "hyperparams": {
    "hidden_dims": [
      512,
      512,
      512,
      512
    ],
    "dropout": 0.334,
    "learning_rate": 0.001757,
    "weight_decay": 0.000176,
    "sigma_floor": 0.006,
    "batch_size": 128,
    "level_weights": [
      4.0,
      1.5,
      1.0,
      1.0,
      1.0,
      1.0,
      1.0,
      1.5,
      2.0,
      3.0
    ],
    "level_weights_name": "ends",
    "n_epochs": 400,
    "scheduler_patience": 30,
    "early_stop_patience": 40,
    "lambda_physics": 0.1,
    "lambda_monotonicity": 0.0,
    "lambda_adiabatic": 0.1,
    "lambda_smoothness": 0.1
  },
  "n_params": 1131542,
  "best_val_loss": -4.060173756773433,
  "best_epoch": 2,
  "final_epoch": 42,
  "train_time_seconds": 174.56365704536438,
  "test_nll": -6.446125239133835,
  "test_metrics": {
    "rmse_per_level": [
      1.4865442514419556,
      1.2964954376220703,
      0.7325245141983032,
      0.8383191823959351,
      0.7704471349716187,
      0.9084686040878296,
      0.9146203994750977,
      1.0137795209884644,
      1.0647557973861694,
      2.567004442214966
    ],
    "mean_rmse": 1.1592957973480225,
    "tau_rmse": 1.4612540006637573,
    "mean_std_per_level": [
      2.2260334491729736,
      1.1224666833877563,
      0.9984834790229797,
      0.9939813017845154,
      0.9830829501152039,
      0.9789909720420837,
      1.0684964656829834,
      1.2786281108856201,
      1.4121371507644653,
      2.096385955810547
    ],
    "mean_std_overall": 1.315866231918335,
    "mean_tau_std": 1.522346019744873,
    "n_test_samples": 6144
  }
}