{
  "run_id": 79,
  "run_name": "6x256_dr0.04_lr1.1e-03_wd7e-05_b128_deep",
  "hyperparams": {
    "hidden_dims": [
      256,
      256,
      256,
      256,
      256,
      256
    ],
    "dropout": 0.039,
    "learning_rate": 0.001104,
    "weight_decay": 6.93e-05,
    "sigma_floor": 0.0433,
    "batch_size": 128,
    "level_weights": [
      1.0,
      1.0,
      1.0,
      1.5,
      2.0,
      2.5,
      3.0,
      3.5,
      4.0,
      5.0
    ],
    "level_weights_name": "deep",
    "n_epochs": 400,
    "scheduler_patience": 30,
    "early_stop_patience": 40,
    "lambda_physics": 0.1,
    "lambda_monotonicity": 0.0,
    "lambda_adiabatic": 0.1,
    "lambda_smoothness": 0.1
  },
  "n_params": 501782,
  "best_val_loss": -5.535085143581513,
  "best_epoch": 10,
  "final_epoch": 50,
  "train_time_seconds": 221.6672990322113,
  "test_nll": -5.864940186341603,
  "test_metrics": {
    "rmse_per_level": [
      1.7620269060134888,
      1.1098581552505493,
      0.7667801976203918,
      0.8159373998641968,
      0.855167031288147,
      0.7824590802192688,
      0.8263214826583862,
      0.9482816457748413,
      1.457175612449646,
      2.696995258331299
    ],
    "mean_rmse": 1.202100157737732,
    "tau_rmse": 1.3954074382781982,
    "mean_std_per_level": [
      1.5159324407577515,
      0.8932888507843018,
      0.8955590724945068,
      0.9040356278419495,
      0.888331413269043,
      0.8922052979469299,
      0.8897526860237122,
      0.9040572643280029,
      1.0378319025039673,
      1.4434356689453125
    ],
    "mean_std_overall": 1.026422381401062,
    "mean_tau_std": 1.1502569913864136,
    "n_test_samples": 6144
  }
}