{
  "run_id": 31,
  "run_name": "3x128_dr0.05_lr1.8e-04_wd2e-03_b256_ends",
  "hyperparams": {
    "hidden_dims": [
      128,
      128,
      128
    ],
    "dropout": 0.046,
    "learning_rate": 0.000184,
    "weight_decay": 0.00239,
    "sigma_floor": 0.0347,
    "batch_size": 256,
    "level_weights": [
      4.0,
      1.5,
      1.0,
      1.0,
      1.0,
      1.0,
      1.0,
      1.5,
      2.0,
      3.0
    ],
    "level_weights_name": "ends",
    "n_epochs": 400,
    "scheduler_patience": 30,
    "early_stop_patience": 40,
    "lambda_physics": 0.1,
    "lambda_monotonicity": 0.0,
    "lambda_adiabatic": 0.1,
    "lambda_smoothness": 0.1
  },
  "n_params": 118678,
  "best_val_loss": -4.72060788062311,
  "best_epoch": 1,
  "final_epoch": 41,
  "train_time_seconds": 95.17516422271729,
  "test_nll": -6.0974517067273455,
  "test_metrics": {
    "rmse_per_level": [
      1.5483462810516357,
      1.3550353050231934,
      0.8968634605407715,
      0.8027660250663757,
      0.6893689632415771,
      0.7858453392982483,
      0.7673071026802063,
      0.921630322933197,
      0.9895488023757935,
      2.395806074142456
    ],
    "mean_rmse": 1.1152517795562744,
    "tau_rmse": 1.3626956939697266,
    "mean_std_per_level": [
      2.9054572582244873,
      1.7889513969421387,
      1.2215170860290527,
      1.169828176498413,
      1.2439500093460083,
      1.1759443283081055,
      1.2141509056091309,
      1.4541125297546387,
      1.6062827110290527,
      1.8370989561080933
    ],
    "mean_std_overall": 1.5617281198501587,
    "mean_tau_std": 1.5772294998168945,
    "n_test_samples": 6144
  }
}