{
  "run_id": 30,
  "run_name": "3x256_dr0.10_lr3.5e-04_wd3e-05_b128_deep",
  "hyperparams": {
    "hidden_dims": [
      256,
      256,
      256
    ],
    "dropout": 0.097,
    "learning_rate": 0.000346,
    "weight_decay": 2.78e-05,
    "sigma_floor": 0.0488,
    "batch_size": 128,
    "level_weights": [
      1.0,
      1.0,
      1.0,
      1.5,
      2.0,
      2.5,
      3.0,
      3.5,
      4.0,
      5.0
    ],
    "level_weights_name": "deep",
    "n_epochs": 400,
    "scheduler_patience": 30,
    "early_stop_patience": 40,
    "lambda_physics": 0.1,
    "lambda_monotonicity": 0.0,
    "lambda_adiabatic": 0.1,
    "lambda_smoothness": 0.1
  },
  "n_params": 302870,
  "best_val_loss": -5.449595293691082,
  "best_epoch": 11,
  "final_epoch": 51,
  "train_time_seconds": 196.70066237449646,
  "test_nll": -5.6778079469998675,
  "test_metrics": {
    "rmse_per_level": [
      1.7651913166046143,
      1.2179088592529297,
      0.6733327507972717,
      0.5677866339683533,
      0.5531474351882935,
      0.7037068605422974,
      0.686559796333313,
      0.9846848249435425,
      1.2614394426345825,
      2.8273439407348633
    ],
    "mean_rmse": 1.1241101026535034,
    "tau_rmse": 1.6368885040283203,
    "mean_std_per_level": [
      1.6221026182174683,
      0.8883211016654968,
      0.8883211016654968,
      0.8883211016654968,
      0.8945064544677734,
      0.8883211016654968,
      0.8883211016654968,
      1.0106245279312134,
      0.9480493664741516,
      1.3291412591934204
    ],
    "mean_std_overall": 1.0245882272720337,
    "mean_tau_std": 1.13556969165802,
    "n_test_samples": 6144
  }
}