{
  "run_id": 96,
  "run_name": "tapered_dr0.34_lr5.4e-05_wd3e-03_b256_deep",
  "hyperparams": {
    "hidden_dims": [
      512,
      256,
      256,
      128,
      128
    ],
    "dropout": 0.344,
    "learning_rate": 5.4e-05,
    "weight_decay": 0.0027,
    "sigma_floor": 0.0316,
    "batch_size": 256,
    "level_weights": [
      1.0,
      1.0,
      1.0,
      1.5,
      2.0,
      2.5,
      3.0,
      3.5,
      4.0,
      5.0
    ],
    "level_weights_name": "deep",
    "n_epochs": 400,
    "scheduler_patience": 30,
    "early_stop_patience": 40,
    "lambda_physics": 0.1,
    "lambda_monotonicity": 0.0,
    "lambda_adiabatic": 0.1,
    "lambda_smoothness": 0.1
  },
  "n_params": 580118,
  "best_val_loss": -5.994001519295477,
  "best_epoch": 25,
  "final_epoch": 65,
  "train_time_seconds": 160.52435564994812,
  "test_nll": -6.2988295157750445,
  "test_metrics": {
    "rmse_per_level": [
      1.683292031288147,
      1.225796103477478,
      0.699271559715271,
      0.6977764368057251,
      0.5867058038711548,
      0.7500433921813965,
      0.7257885932922363,
      0.9283447265625,
      1.0406394004821777,
      2.5260815620422363
    ],
    "mean_rmse": 1.0863739252090454,
    "tau_rmse": 1.1653228998184204,
    "mean_std_per_level": [
      4.657115936279297,
      1.2601054906845093,
      0.8885505199432373,
      0.8892223834991455,
      0.888443648815155,
      0.8883211016654968,
      0.888788640499115,
      0.921454131603241,
      1.2520318031311035,
      1.595968246459961
    ],
    "mean_std_overall": 1.4129928350448608,
    "mean_tau_std": 1.1820130348205566,
    "n_test_samples": 6144
  }
}