{
  "run_id": 12,
  "run_name": "6x256_dr0.12_lr1.9e-03_wd6e-05_b256_deep",
  "hyperparams": {
    "hidden_dims": [
      256,
      256,
      256,
      256,
      256,
      256
    ],
    "dropout": 0.125,
    "learning_rate": 0.001902,
    "weight_decay": 5.6e-05,
    "sigma_floor": 0.0288,
    "batch_size": 256,
    "level_weights": [
      1.0,
      1.0,
      1.0,
      1.5,
      2.0,
      2.5,
      3.0,
      3.5,
      4.0,
      5.0
    ],
    "level_weights_name": "deep",
    "n_epochs": 400,
    "scheduler_patience": 30,
    "early_stop_patience": 40,
    "lambda_physics": 0.1,
    "lambda_monotonicity": 0.0,
    "lambda_adiabatic": 0.1,
    "lambda_smoothness": 0.1
  },
  "n_params": 501782,
  "best_val_loss": -5.6970820503850135,
  "best_epoch": 8,
  "final_epoch": 48,
  "train_time_seconds": 120.18542289733887,
  "test_nll": -6.354488114515941,
  "test_metrics": {
    "rmse_per_level": [
      1.536787986755371,
      0.9111310243606567,
      1.029112458229065,
      0.9744654893875122,
      0.8397581577301025,
      0.8441995978355408,
      0.9324257969856262,
      0.963489830493927,
      0.9924196004867554,
      2.409731149673462
    ],
    "mean_rmse": 1.1433520317077637,
    "tau_rmse": 1.2396131753921509,
    "mean_std_per_level": [
      2.4883205890655518,
      2.4530107975006104,
      1.0348083972930908,
      0.9619552493095398,
      0.982086718082428,
      0.9009411931037903,
      0.975033700466156,
      1.1428459882736206,
      1.1549729108810425,
      1.8354449272155762
    ],
    "mean_std_overall": 1.392918348312378,
    "mean_tau_std": 1.4216718673706055,
    "n_test_samples": 6144
  }
}