{
  "run_id": 95,
  "run_name": "tapered_dr0.31_lr1.7e-05_wd5e-04_b256_uniform",
  "hyperparams": {
    "hidden_dims": [
      512,
      256,
      256,
      128,
      128
    ],
    "dropout": 0.312,
    "learning_rate": 1.7e-05,
    "weight_decay": 0.000539,
    "sigma_floor": 0.027,
    "batch_size": 256,
    "level_weights": [
      1.0,
      1.0,
      1.0,
      1.0,
      1.0,
      1.0,
      1.0,
      1.0,
      1.0,
      1.0
    ],
    "level_weights_name": "uniform",
    "n_epochs": 400,
    "scheduler_patience": 30,
    "early_stop_patience": 40,
    "lambda_physics": 0.1,
    "lambda_monotonicity": 0.0,
    "lambda_adiabatic": 0.1,
    "lambda_smoothness": 0.1
  },
  "n_params": 580118,
  "best_val_loss": -6.033593746923631,
  "best_epoch": 56,
  "final_epoch": 96,
  "train_time_seconds": 227.1309187412262,
  "test_nll": -6.500372449556987,
  "test_metrics": {
    "rmse_per_level": [
      1.6067159175872803,
      1.1320362091064453,
      0.5971060991287231,
      0.5516395568847656,
      0.5180794596672058,
      0.6847761869430542,
      0.6486383676528931,
      0.9320416450500488,
      1.0529427528381348,
      2.4649109840393066
    ],
    "mean_rmse": 1.0188887119293213,
    "tau_rmse": 1.3244855403900146,
    "mean_std_per_level": [
      4.444986820220947,
      1.2481968402862549,
      0.8883211016654968,
      0.8888861536979675,
      0.8883211016654968,
      0.8883211016654968,
      0.8897531032562256,
      0.9262041449546814,
      1.3152483701705933,
      2.002214193344116
    ],
    "mean_std_overall": 1.4380394220352173,
    "mean_tau_std": 1.1616692543029785,
    "n_test_samples": 6144
  }
}