{
  "run_id": 60,
  "run_name": "tapered_dr0.14_lr4.3e-03_wd7e-03_b512_strong_ends",
  "hyperparams": {
    "hidden_dims": [
      512,
      256,
      256,
      128,
      128
    ],
    "dropout": 0.138,
    "learning_rate": 0.004319,
    "weight_decay": 0.00655,
    "sigma_floor": 0.0146,
    "batch_size": 512,
    "level_weights": [
      6.0,
      2.0,
      1.0,
      1.0,
      1.0,
      1.0,
      1.0,
      2.0,
      3.0,
      5.0
    ],
    "level_weights_name": "strong_ends",
    "n_epochs": 400,
    "scheduler_patience": 30,
    "early_stop_patience": 40,
    "lambda_physics": 0.1,
    "lambda_monotonicity": 0.0,
    "lambda_adiabatic": 0.1,
    "lambda_smoothness": 0.1
  },
  "n_params": 580118,
  "best_val_loss": -4.283449485898018,
  "best_epoch": 6,
  "final_epoch": 46,
  "train_time_seconds": 64.79842948913574,
  "test_nll": -6.194254954655965,
  "test_metrics": {
    "rmse_per_level": [
      1.9244722127914429,
      1.6340339183807373,
      1.224936604499817,
      1.2509832382202148,
      0.9420756101608276,
      0.94559645652771,
      1.0371792316436768,
      0.767625093460083,
      1.037449598312378,
      2.206261157989502
    ],
    "mean_rmse": 1.2970613241195679,
    "tau_rmse": 1.493361473083496,
    "mean_std_per_level": [
      3.0695056915283203,
      1.7067890167236328,
      1.462377905845642,
      1.460070252418518,
      1.362097144126892,
      1.3340362310409546,
      1.414667010307312,
      1.908583164215088,
      1.7540932893753052,
      2.9863245487213135
    ],
    "mean_std_overall": 1.845853567123413,
    "mean_tau_std": 1.5695585012435913,
    "n_test_samples": 6144
  }
}