{
  "run_id": 85,
  "run_name": "4x256_dr0.39_lr4.2e-05_wd9e-03_b256_uniform",
  "hyperparams": {
    "hidden_dims": [
      256,
      256,
      256,
      256
    ],
    "dropout": 0.392,
    "learning_rate": 4.2e-05,
    "weight_decay": 0.00941,
    "sigma_floor": 0.0245,
    "batch_size": 256,
    "level_weights": [
      1.0,
      1.0,
      1.0,
      1.0,
      1.0,
      1.0,
      1.0,
      1.0,
      1.0,
      1.0
    ],
    "level_weights_name": "uniform",
    "n_epochs": 400,
    "scheduler_patience": 30,
    "early_stop_patience": 40,
    "lambda_physics": 0.1,
    "lambda_monotonicity": 0.0,
    "lambda_adiabatic": 0.1,
    "lambda_smoothness": 0.1
  },
  "n_params": 369174,
  "best_val_loss": -6.000264506186208,
  "best_epoch": 32,
  "final_epoch": 72,
  "train_time_seconds": 161.5635862350464,
  "test_nll": -6.678418616453807,
  "test_metrics": {
    "rmse_per_level": [
      1.5693848133087158,
      1.1452929973602295,
      0.5979422330856323,
      0.5402018427848816,
      0.5274843573570251,
      0.679570198059082,
      0.6537197828292847,
      0.9078410267829895,
      1.0857675075531006,
      2.5274698734283447
    ],
    "mean_rmse": 1.0234674215316772,
    "tau_rmse": 1.2389682531356812,
    "mean_std_per_level": [
      3.9100706577301025,
      1.4242998361587524,
      0.8899279236793518,
      0.8961110711097717,
      0.889422595500946,
      0.8885838389396667,
      0.8973492980003357,
      0.9227682948112488,
      1.2819128036499023,
      1.7620269060134888
    ],
    "mean_std_overall": 1.3762418031692505,
    "mean_tau_std": 1.3192692995071411,
    "n_test_samples": 6144
  }
}