{
  "run_id": 11,
  "run_name": "6x256_dr0.30_lr1.6e-03_wd2e-06_b256_top",
  "hyperparams": {
    "hidden_dims": [
      256,
      256,
      256,
      256,
      256,
      256
    ],
    "dropout": 0.299,
    "learning_rate": 0.001648,
    "weight_decay": 2.17e-06,
    "sigma_floor": 0.0485,
    "batch_size": 256,
    "level_weights": [
      6.0,
      3.0,
      2.0,
      1.0,
      1.0,
      1.0,
      1.0,
      1.0,
      1.0,
      1.0
    ],
    "level_weights_name": "top",
    "n_epochs": 400,
    "scheduler_patience": 30,
    "early_stop_patience": 40,
    "lambda_physics": 0.1,
    "lambda_monotonicity": 0.0,
    "lambda_adiabatic": 0.1,
    "lambda_smoothness": 0.1
  },
  "n_params": 501782,
  "best_val_loss": -3.9290698997436033,
  "best_epoch": 0,
  "final_epoch": 40,
  "train_time_seconds": 100.89105367660522,
  "test_nll": -5.210145076115926,
  "test_metrics": {
    "rmse_per_level": [
      2.272340774536133,
      1.5690665245056152,
      1.0701663494110107,
      1.1145938634872437,
      0.9603865742683411,
      1.0337178707122803,
      1.0351359844207764,
      0.8473073840141296,
      1.108673334121704,
      2.336373805999756
    ],
    "mean_rmse": 1.3347762823104858,
    "tau_rmse": 2.6155755519866943,
    "mean_std_per_level": [
      5.753065586090088,
      0.8926379680633545,
      0.8900781273841858,
      0.911397397518158,
      0.8920629024505615,
      0.9638027548789978,
      0.8997805118560791,
      0.889800488948822,
      1.183876872062683,
      1.5376882553100586
    ],
    "mean_std_overall": 1.4814116954803467,
    "mean_tau_std": 2.6727631092071533,
    "n_test_samples": 6144
  }
}