{
  "run_id": 98,
  "run_name": "4x512_dr0.20_lr4.0e-04_wd6e-03_b256_ends",
  "hyperparams": {
    "hidden_dims": [
      512,
      512,
      512,
      512
    ],
    "dropout": 0.203,
    "learning_rate": 0.000395,
    "weight_decay": 0.00551,
    "sigma_floor": 0.0416,
    "batch_size": 256,
    "level_weights": [
      4.0,
      1.5,
      1.0,
      1.0,
      1.0,
      1.0,
      1.0,
      1.5,
      2.0,
      3.0
    ],
    "level_weights_name": "ends",
    "n_epochs": 400,
    "scheduler_patience": 30,
    "early_stop_patience": 40,
    "lambda_physics": 0.1,
    "lambda_monotonicity": 0.0,
    "lambda_adiabatic": 0.1,
    "lambda_smoothness": 0.1
  },
  "n_params": 1131542,
  "best_val_loss": -4.579307433097593,
  "best_epoch": 0,
  "final_epoch": 40,
  "train_time_seconds": 91.76987743377686,
  "test_nll": -5.78990622361501,
  "test_metrics": {
    "rmse_per_level": [
      1.5516510009765625,
      1.374750018119812,
      0.8905186057090759,
      0.7738603353500366,
      0.7288041114807129,
      0.8681121468544006,
      0.7631549835205078,
      1.1449027061462402,
      1.3656251430511475,
      2.8003151416778564
    ],
    "mean_rmse": 1.226169466972351,
    "tau_rmse": 1.394734501838684,
    "mean_std_per_level": [
      3.3210690021514893,
      0.953248918056488,
      0.8888662457466125,
      0.9279090762138367,
      0.8930485844612122,
      0.8965370655059814,
      0.9227566719055176,
      0.9229468703269958,
      1.2734017372131348,
      1.3958529233932495
    ],
    "mean_std_overall": 1.2395585775375366,
    "mean_tau_std": 2.108107089996338,
    "n_test_samples": 6144
  }
}