{
  "run_id": 16,
  "run_name": "5x512_dr0.15_lr1.3e-05_wd9e-06_b128_ends",
  "hyperparams": {
    "hidden_dims": [
      512,
      512,
      512,
      512,
      512
    ],
    "dropout": 0.15,
    "learning_rate": 1.3e-05,
    "weight_decay": 8.99e-06,
    "sigma_floor": 0.0149,
    "batch_size": 128,
    "level_weights": [
      4.0,
      1.5,
      1.0,
      1.0,
      1.0,
      1.0,
      1.0,
      1.5,
      2.0,
      3.0
    ],
    "level_weights_name": "ends",
    "n_epochs": 400,
    "scheduler_patience": 30,
    "early_stop_patience": 40,
    "lambda_physics": 0.1,
    "lambda_monotonicity": 0.0,
    "lambda_adiabatic": 0.1,
    "lambda_smoothness": 0.1
  },
  "n_params": 1395222,
  "best_val_loss": -5.088768439908182,
  "best_epoch": 2,
  "final_epoch": 42,
  "train_time_seconds": 178.61605763435364,
  "test_nll": -6.427841941515605,
  "test_metrics": {
    "rmse_per_level": [
      1.4271225929260254,
      1.3656604290008545,
      0.844857394695282,
      0.7159238457679749,
      0.7112039923667908,
      0.9013248682022095,
      0.8735888004302979,
      1.0951775312423706,
      1.3620781898498535,
      2.7821407318115234
    ],
    "mean_rmse": 1.2079079151153564,
    "tau_rmse": 1.3066883087158203,
    "mean_std_per_level": [
      3.1572511196136475,
      1.640251636505127,
      1.1315157413482666,
      1.201084852218628,
      1.10323965549469,
      1.1279171705245972,
      1.1453865766525269,
      1.3048405647277832,
      1.4186859130859375,
      1.8234666585922241
    ],
    "mean_std_overall": 1.505362868309021,
    "mean_tau_std": 1.5650733709335327,
    "n_test_samples": 6144
  }
}