{
  "run_id": 46,
  "run_name": "5x512_dr0.37_lr1.2e-04_wd6e-05_b512_deep",
  "hyperparams": {
    "hidden_dims": [
      512,
      512,
      512,
      512,
      512
    ],
    "dropout": 0.368,
    "learning_rate": 0.000121,
    "weight_decay": 5.96e-05,
    "sigma_floor": 0.0419,
    "batch_size": 512,
    "level_weights": [
      1.0,
      1.0,
      1.0,
      1.5,
      2.0,
      2.5,
      3.0,
      3.5,
      4.0,
      5.0
    ],
    "level_weights_name": "deep",
    "n_epochs": 400,
    "scheduler_patience": 30,
    "early_stop_patience": 40,
    "lambda_physics": 0.1,
    "lambda_monotonicity": 0.0,
    "lambda_adiabatic": 0.1,
    "lambda_smoothness": 0.1
  },
  "n_params": 1395222,
  "best_val_loss": -5.589800983667374,
  "best_epoch": 25,
  "final_epoch": 65,
  "train_time_seconds": 105.20258355140686,
  "test_nll": -5.970517794291179,
  "test_metrics": {
    "rmse_per_level": [
      1.6017005443572998,
      1.0250766277313232,
      0.6362270712852478,
      0.6316428184509277,
      0.6255981922149658,
      0.7267910242080688,
      0.7947229743003845,
      0.906610906124115,
      1.2599138021469116,
      2.704103708267212
    ],
    "mean_rmse": 1.0912387371063232,
    "tau_rmse": 1.1819262504577637,
    "mean_std_per_level": [
      2.3835177421569824,
      0.8883211016654968,
      0.8883211016654968,
      0.8883211016654968,
      0.8888897895812988,
      0.8883211016654968,
      0.8883211016654968,
      0.9026888012886047,
      1.0045398473739624,
      1.3406639099121094
    ],
    "mean_std_overall": 1.0961791276931763,
    "mean_tau_std": 1.13556969165802,
    "n_test_samples": 6144
  }
}