{
  "run_id": 37,
  "run_name": "4x512_dr0.22_lr4.3e-05_wd2e-05_b512_ends",
  "hyperparams": {
    "hidden_dims": [
      512,
      512,
      512,
      512
    ],
    "dropout": 0.219,
    "learning_rate": 4.3e-05,
    "weight_decay": 2.16e-05,
    "sigma_floor": 0.0067,
    "batch_size": 512,
    "level_weights": [
      4.0,
      1.5,
      1.0,
      1.0,
      1.0,
      1.0,
      1.0,
      1.5,
      2.0,
      3.0
    ],
    "level_weights_name": "ends",
    "n_epochs": 400,
    "scheduler_patience": 30,
    "early_stop_patience": 40,
    "lambda_physics": 0.1,
    "lambda_monotonicity": 0.0,
    "lambda_adiabatic": 0.1,
    "lambda_smoothness": 0.1
  },
  "n_params": 1131542,
  "best_val_loss": -5.114342760294676,
  "best_epoch": 8,
  "final_epoch": 48,
  "train_time_seconds": 65.38989114761353,
  "test_nll": -6.672701835632324,
  "test_metrics": {
    "rmse_per_level": [
      1.4527738094329834,
      1.2087600231170654,
      0.6425885558128357,
      0.6029388904571533,
      0.6178051233291626,
      0.8154841661453247,
      0.7465519905090332,
      1.0045994520187378,
      1.2279220819473267,
      2.806696653366089
    ],
    "mean_rmse": 1.1126121282577515,
    "tau_rmse": 1.064438819885254,
    "mean_std_per_level": [
      2.862169027328491,
      1.3517327308654785,
      0.9452073574066162,
      0.952892541885376,
      0.9744128584861755,
      0.9456227421760559,
      0.9684885144233704,
      1.093030571937561,
      1.2901917695999146,
      1.7535415887832642
    ],
    "mean_std_overall": 1.3137189149856567,
    "mean_tau_std": 1.3585938215255737,
    "n_test_samples": 6144
  }
}