{
  "run_id": 21,
  "run_name": "4x512_dr0.36_lr2.2e-03_wd4e-03_b256_strong_ends",
  "hyperparams": {
    "hidden_dims": [
      512,
      512,
      512,
      512
    ],
    "dropout": 0.356,
    "learning_rate": 0.002178,
    "weight_decay": 0.0036,
    "sigma_floor": 0.0101,
    "batch_size": 256,
    "level_weights": [
      6.0,
      2.0,
      1.0,
      1.0,
      1.0,
      1.0,
      1.0,
      2.0,
      3.0,
      5.0
    ],
    "level_weights_name": "strong_ends",
    "n_epochs": 400,
    "scheduler_patience": 30,
    "early_stop_patience": 40,
    "lambda_physics": 0.1,
    "lambda_monotonicity": 0.0,
    "lambda_adiabatic": 0.1,
    "lambda_smoothness": 0.1
  },
  "n_params": 1131542,
  "best_val_loss": -4.3400709011381675,
  "best_epoch": 3,
  "final_epoch": 43,
  "train_time_seconds": 100.09459900856018,
  "test_nll": -6.052328546841939,
  "test_metrics": {
    "rmse_per_level": [
      1.7066566944122314,
      1.159084439277649,
      1.202833652496338,
      1.2689104080200195,
      1.2584011554718018,
      1.2496318817138672,
      1.1236178874969482,
      1.0574748516082764,
      0.9946901202201843,
      2.1688854694366455
    ],
    "mean_rmse": 1.3190186023712158,
    "tau_rmse": 1.6918084621429443,
    "mean_std_per_level": [
      2.5585367679595947,
      1.6992415189743042,
      1.1499468088150024,
      1.0891501903533936,
      1.2621299028396606,
      1.0303186178207397,
      1.3424094915390015,
      1.9746204614639282,
      1.9463406801223755,
      2.5078885555267334
    ],
    "mean_std_overall": 1.6560500860214233,
    "mean_tau_std": 1.8793786764144897,
    "n_test_samples": 6144
  }
}