{
  "run_id": 33,
  "run_name": "4x512_dr0.02_lr2.8e-04_wd8e-03_b512_deep",
  "hyperparams": {
    "hidden_dims": [
      512,
      512,
      512,
      512
    ],
    "dropout": 0.02,
    "learning_rate": 0.000283,
    "weight_decay": 0.00753,
    "sigma_floor": 0.0135,
    "batch_size": 512,
    "level_weights": [
      1.0,
      1.0,
      1.0,
      1.5,
      2.0,
      2.5,
      3.0,
      3.5,
      4.0,
      5.0
    ],
    "level_weights_name": "deep",
    "n_epochs": 400,
    "scheduler_patience": 30,
    "early_stop_patience": 40,
    "lambda_physics": 0.1,
    "lambda_monotonicity": 0.0,
    "lambda_adiabatic": 0.1,
    "lambda_smoothness": 0.1
  },
  "n_params": 1131542,
  "best_val_loss": -5.838378012180328,
  "best_epoch": 2,
  "final_epoch": 42,
  "train_time_seconds": 56.92802882194519,
  "test_nll": -6.465415318806966,
  "test_metrics": {
    "rmse_per_level": [
      1.5431041717529297,
      1.229229211807251,
      0.7271624803543091,
      0.6915916204452515,
      0.6669526696205139,
      0.7957231402397156,
      0.8639762997627258,
      0.9596670269966125,
      1.2786991596221924,
      2.80979323387146
    ],
    "mean_rmse": 1.1565899848937988,
    "tau_rmse": 1.2726844549179077,
    "mean_std_per_level": [
      2.4244368076324463,
      1.384995937347412,
      0.9078742861747742,
      0.9096288084983826,
      0.9188825488090515,
      0.911622941493988,
      0.9601457715034485,
      1.0457336902618408,
      1.2958132028579712,
      1.6999751329421997
    ],
    "mean_std_overall": 1.245908260345459,
    "mean_tau_std": 1.4617586135864258,
    "n_test_samples": 6144
  }
}