{
  "run_id": 83,
  "run_name": "3x128_dr0.33_lr3.7e-03_wd8e-06_b128_strong_ends",
  "hyperparams": {
    "hidden_dims": [
      128,
      128,
      128
    ],
    "dropout": 0.33,
    "learning_rate": 0.003726,
    "weight_decay": 7.64e-06,
    "sigma_floor": 0.0228,
    "batch_size": 128,
    "level_weights": [
      6.0,
      2.0,
      1.0,
      1.0,
      1.0,
      1.0,
      1.0,
      2.0,
      3.0,
      5.0
    ],
    "level_weights_name": "strong_ends",
    "n_epochs": 400,
    "scheduler_patience": 30,
    "early_stop_patience": 40,
    "lambda_physics": 0.1,
    "lambda_monotonicity": 0.0,
    "lambda_adiabatic": 0.1,
    "lambda_smoothness": 0.1
  },
  "n_params": 118678,
  "best_val_loss": -4.9456018055638955,
  "best_epoch": 1,
  "final_epoch": 41,
  "train_time_seconds": 157.71837377548218,
  "test_nll": -6.278858194748561,
  "test_metrics": {
    "rmse_per_level": [
      1.5280669927597046,
      1.1762945652008057,
      0.9573835730552673,
      0.8822419047355652,
      0.7738218307495117,
      0.9111888408660889,
      0.9681448936462402,
      0.9739646315574646,
      0.9784477353096008,
      2.369549036026001
    ],
    "mean_rmse": 1.151910424232483,
    "tau_rmse": 1.3435471057891846,
    "mean_std_per_level": [
      3.571152448654175,
      1.793946385383606,
      0.9984076023101807,
      1.0704072713851929,
      0.9544337391853333,
      0.9404497146606445,
      1.0197709798812866,
      1.2440223693847656,
      1.6363186836242676,
      2.3898160457611084
    ],
    "mean_std_overall": 1.5618590116500854,
    "mean_tau_std": 1.7891534566879272,
    "n_test_samples": 6144
  }
}