{
  "run_id": 67,
  "run_name": "tapered_dr0.17_lr1.4e-04_wd2e-03_b128_deep",
  "hyperparams": {
    "hidden_dims": [
      512,
      512,
      256,
      256
    ],
    "dropout": 0.174,
    "learning_rate": 0.000138,
    "weight_decay": 0.00164,
    "sigma_floor": 0.0329,
    "batch_size": 128,
    "level_weights": [
      1.0,
      1.0,
      1.0,
      1.5,
      2.0,
      2.5,
      3.0,
      3.5,
      4.0,
      5.0
    ],
    "level_weights_name": "deep",
    "n_epochs": 400,
    "scheduler_patience": 30,
    "early_stop_patience": 40,
    "lambda_physics": 0.1,
    "lambda_monotonicity": 0.0,
    "lambda_adiabatic": 0.1,
    "lambda_smoothness": 0.1
  },
  "n_params": 796694,
  "best_val_loss": -5.815445162596241,
  "best_epoch": 2,
  "final_epoch": 42,
  "train_time_seconds": 171.36190795898438,
  "test_nll": -6.255287726720174,
  "test_metrics": {
    "rmse_per_level": [
      1.6002299785614014,
      1.1464122533798218,
      0.7356446385383606,
      0.6967116594314575,
      0.6020851135253906,
      0.7490482926368713,
      0.7149350643157959,
      0.9019747972488403,
      1.155977487564087,
      2.7115426063537598
    ],
    "mean_rmse": 1.1014562845230103,
    "tau_rmse": 1.107825756072998,
    "mean_std_per_level": [
      3.8163530826568604,
      1.1886540651321411,
      0.8946328163146973,
      0.9023263454437256,
      0.8957050442695618,
      0.8894004225730896,
      0.902961254119873,
      1.0114778280258179,
      1.2013739347457886,
      1.5353660583496094
    ],
    "mean_std_overall": 1.323814868927002,
    "mean_tau_std": 1.2802096605300903,
    "n_test_samples": 6144
  }
}