{
  "run_id": 34,
  "run_name": "3x256_dr0.38_lr1.9e-05_wd2e-05_b128_top",
  "hyperparams": {
    "hidden_dims": [
      256,
      256,
      256
    ],
    "dropout": 0.376,
    "learning_rate": 1.9e-05,
    "weight_decay": 1.55e-05,
    "sigma_floor": 0.0192,
    "batch_size": 128,
    "level_weights": [
      6.0,
      3.0,
      2.0,
      1.0,
      1.0,
      1.0,
      1.0,
      1.0,
      1.0,
      1.0
    ],
    "level_weights_name": "top",
    "n_epochs": 400,
    "scheduler_patience": 30,
    "early_stop_patience": 40,
    "lambda_physics": 0.1,
    "lambda_monotonicity": 0.0,
    "lambda_adiabatic": 0.1,
    "lambda_smoothness": 0.1
  },
  "n_params": 302870,
  "best_val_loss": -5.174884769224351,
  "best_epoch": 13,
  "final_epoch": 53,
  "train_time_seconds": 205.2961151599884,
  "test_nll": -6.695558001597722,
  "test_metrics": {
    "rmse_per_level": [
      1.4132227897644043,
      1.1598037481307983,
      0.7413520812988281,
      0.6324140429496765,
      0.5996485948562622,
      0.7795944809913635,
      0.7238603234291077,
      0.9270557761192322,
      1.030382752418518,
      2.5834593772888184
    ],
    "mean_rmse": 1.0590794086456299,
    "tau_rmse": 1.1563599109649658,
    "mean_std_per_level": [
      3.2824952602386475,
      1.3227776288986206,
      0.9307856559753418,
      0.9495069980621338,
      0.9261772632598877,
      0.9303428530693054,
      1.0159679651260376,
      1.206916093826294,
      1.539964199066162,
      2.2962822914123535
    ],
    "mean_std_overall": 1.4401201009750366,
    "mean_tau_std": 1.545946478843689,
    "n_test_samples": 6144
  }
}