{
  "run_id": 52,
  "run_name": "5x512_dr0.37_lr1.4e-03_wd9e-05_b256_ends",
  "hyperparams": {
    "hidden_dims": [
      512,
      512,
      512,
      512,
      512
    ],
    "dropout": 0.367,
    "learning_rate": 0.00136,
    "weight_decay": 9.26e-05,
    "sigma_floor": 0.0274,
    "batch_size": 256,
    "level_weights": [
      4.0,
      1.5,
      1.0,
      1.0,
      1.0,
      1.0,
      1.0,
      1.5,
      2.0,
      3.0
    ],
    "level_weights_name": "ends",
    "n_epochs": 400,
    "scheduler_patience": 30,
    "early_stop_patience": 40,
    "lambda_physics": 0.1,
    "lambda_monotonicity": 0.0,
    "lambda_adiabatic": 0.1,
    "lambda_smoothness": 0.1
  },
  "n_params": 1395222,
  "best_val_loss": -5.061858131039527,
  "best_epoch": 3,
  "final_epoch": 43,
  "train_time_seconds": 106.89724564552307,
  "test_nll": -6.200549940268199,
  "test_metrics": {
    "rmse_per_level": [
      1.318763017654419,
      1.19027841091156,
      0.7253950238227844,
      0.631822943687439,
      0.6245008707046509,
      0.8369329571723938,
      0.7628173232078552,
      1.0166871547698975,
      1.1187976598739624,
      2.69985032081604
    ],
    "mean_rmse": 1.092584490776062,
    "tau_rmse": 1.4340146780014038,
    "mean_std_per_level": [
      3.6242449283599854,
      1.3430110216140747,
      0.9381590485572815,
      0.9940107464790344,
      0.9932277798652649,
      0.9046638011932373,
      0.9851924777030945,
      1.2252906560897827,
      1.399217128753662,
      1.8906121253967285
    ],
    "mean_std_overall": 1.4297572374343872,
    "mean_tau_std": 1.7360153198242188,
    "n_test_samples": 6144
  }
}