{
  "run_id": 75,
  "run_name": "4x512_dr0.27_lr5.8e-04_wd2e-06_b128_deep",
  "hyperparams": {
    "hidden_dims": [
      512,
      512,
      512,
      512
    ],
    "dropout": 0.274,
    "learning_rate": 0.000576,
    "weight_decay": 2e-06,
    "sigma_floor": 0.0141,
    "batch_size": 128,
    "level_weights": [
      1.0,
      1.0,
      1.0,
      1.5,
      2.0,
      2.5,
      3.0,
      3.5,
      4.0,
      5.0
    ],
    "level_weights_name": "deep",
    "n_epochs": 400,
    "scheduler_patience": 30,
    "early_stop_patience": 40,
    "lambda_physics": 0.1,
    "lambda_monotonicity": 0.0,
    "lambda_adiabatic": 0.1,
    "lambda_smoothness": 0.1
  },
  "n_params": 1131542,
  "best_val_loss": -5.896391239858443,
  "best_epoch": 1,
  "final_epoch": 41,
  "train_time_seconds": 170.63410758972168,
  "test_nll": -6.602265427509944,
  "test_metrics": {
    "rmse_per_level": [
      1.5715351104736328,
      1.1666542291641235,
      0.873167872428894,
      0.8755264282226562,
      0.8100022077560425,
      0.9551395177841187,
      0.8997955322265625,
      1.005399465560913,
      0.9960957169532776,
      2.574533224105835
    ],
    "mean_rmse": 1.1727850437164307,
    "tau_rmse": 1.1679316759109497,
    "mean_std_per_level": [
      3.713271141052246,
      1.6081966161727905,
      1.0323868989944458,
      1.0529329776763916,
      0.9984476566314697,
      1.0348093509674072,
      1.0430511236190796,
      1.2613710165023804,
      1.596486210823059,
      1.7421005964279175
    ],
    "mean_std_overall": 1.5082955360412598,
    "mean_tau_std": 1.6386642456054688,
    "n_test_samples": 6144
  }
}