{
  "run_id": 93,
  "run_name": "4x512_dr0.10_lr2.3e-05_wd2e-03_b256_deep",
  "hyperparams": {
    "hidden_dims": [
      512,
      512,
      512,
      512
    ],
    "dropout": 0.096,
    "learning_rate": 2.3e-05,
    "weight_decay": 0.00226,
    "sigma_floor": 0.0096,
    "batch_size": 256,
    "level_weights": [
      1.0,
      1.0,
      1.0,
      1.5,
      2.0,
      2.5,
      3.0,
      3.5,
      4.0,
      5.0
    ],
    "level_weights_name": "deep",
    "n_epochs": 400,
    "scheduler_patience": 30,
    "early_stop_patience": 40,
    "lambda_physics": 0.1,
    "lambda_monotonicity": 0.0,
    "lambda_adiabatic": 0.1,
    "lambda_smoothness": 0.1
  },
  "n_params": 1131542,
  "best_val_loss": -6.471195636257049,
  "best_epoch": 8,
  "final_epoch": 48,
  "train_time_seconds": 118.5746681690216,
  "test_nll": -6.527955929438273,
  "test_metrics": {
    "rmse_per_level": [
      1.5844095945358276,
      1.1639213562011719,
      0.650894820690155,
      0.6022393703460693,
      0.5860479474067688,
      0.8021225929260254,
      0.8310697674751282,
      1.0943776369094849,
      1.2792601585388184,
      2.809307098388672
    ],
    "mean_rmse": 1.1403650045394897,
    "tau_rmse": 1.1515634059906006,
    "mean_std_per_level": [
      3.3802859783172607,
      1.246599555015564,
      0.9031238555908203,
      0.9076259136199951,
      0.8940286636352539,
      0.8927528262138367,
      0.9157674312591553,
      1.0044498443603516,
      1.2114070653915405,
      1.571102499961853
    ],
    "mean_std_overall": 1.292707085609436,
    "mean_tau_std": 1.2509337663650513,
    "n_test_samples": 6144
  }
}