{
  "run_id": 22,
  "run_name": "3x256_dr0.20_lr2.5e-05_wd6e-04_b128_ends",
  "hyperparams": {
    "hidden_dims": [
      256,
      256,
      256
    ],
    "dropout": 0.198,
    "learning_rate": 2.5e-05,
    "weight_decay": 0.000602,
    "sigma_floor": 0.0154,
    "batch_size": 128,
    "level_weights": [
      4.0,
      1.5,
      1.0,
      1.0,
      1.0,
      1.0,
      1.0,
      1.5,
      2.0,
      3.0
    ],
    "level_weights_name": "ends",
    "n_epochs": 400,
    "scheduler_patience": 30,
    "early_stop_patience": 40,
    "lambda_physics": 0.1,
    "lambda_monotonicity": 0.0,
    "lambda_adiabatic": 0.1,
    "lambda_smoothness": 0.1
  },
  "n_params": 302870,
  "best_val_loss": -5.320992246750863,
  "best_epoch": 6,
  "final_epoch": 46,
  "train_time_seconds": 181.7347993850708,
  "test_nll": -6.65655039747556,
  "test_metrics": {
    "rmse_per_level": [
      1.4182130098342896,
      1.2026619911193848,
      0.7326107621192932,
      0.6403409242630005,
      0.5726255774497986,
      0.8242878913879395,
      0.7341076135635376,
      0.920534610748291,
      1.0859153270721436,
      2.6766223907470703
    ],
    "mean_rmse": 1.0807920694351196,
    "tau_rmse": 1.0870122909545898,
    "mean_std_per_level": [
      2.910820722579956,
      1.4640299081802368,
      0.9962349534034729,
      0.9933797717094421,
      0.9944360852241516,
      1.0046589374542236,
      1.0683740377426147,
      1.1779658794403076,
      1.5047012567520142,
      1.97893488407135
    ],
    "mean_std_overall": 1.4093475341796875,
    "mean_tau_std": 1.404478669166565,
    "n_test_samples": 6144
  }
}