{
  "run_id": 3,
  "run_name": "6x256_dr0.12_lr3.2e-04_wd3e-04_b128_ends",
  "hyperparams": {
    "hidden_dims": [
      256,
      256,
      256,
      256,
      256,
      256
    ],
    "dropout": 0.124,
    "learning_rate": 0.000315,
    "weight_decay": 0.000287,
    "sigma_floor": 0.048,
    "batch_size": 128,
    "level_weights": [
      4.0,
      1.5,
      1.0,
      1.0,
      1.0,
      1.0,
      1.0,
      1.5,
      2.0,
      3.0
    ],
    "level_weights_name": "ends",
    "n_epochs": 400,
    "scheduler_patience": 30,
    "early_stop_patience": 40,
    "lambda_physics": 0.1,
    "lambda_monotonicity": 0.0,
    "lambda_adiabatic": 0.1,
    "lambda_smoothness": 0.1
  },
  "n_params": 501782,
  "best_val_loss": -4.414011368828435,
  "best_epoch": 14,
  "final_epoch": 54,
  "train_time_seconds": 233.59727358818054,
  "test_nll": -5.743570109208425,
  "test_metrics": {
    "rmse_per_level": [
      1.5364980697631836,
      1.0832695960998535,
      0.650273323059082,
      0.5623415112495422,
      0.5859214663505554,
      0.6068710088729858,
      0.7009538412094116,
      0.8693509697914124,
      1.2001512050628662,
      2.8298659324645996
    ],
    "mean_rmse": 1.0625498294830322,
    "tau_rmse": 1.1484458446502686,
    "mean_std_per_level": [
      1.9172892570495605,
      0.8883211016654968,
      0.8883211016654968,
      0.8883211016654968,
      0.888411283493042,
      0.8883211016654968,
      0.8883211016654968,
      0.8901293873786926,
      1.0528008937835693,
      1.012245535850525
    ],
    "mean_std_overall": 1.0202299356460571,
    "mean_tau_std": 1.13556969165802,
    "n_test_samples": 6144
  }
}