{
  "run_id": 32,
  "run_name": "6x256_dr0.40_lr9.0e-04_wd1e-04_b512_top",
  "hyperparams": {
    "hidden_dims": [
      256,
      256,
      256,
      256,
      256,
      256
    ],
    "dropout": 0.397,
    "learning_rate": 0.000901,
    "weight_decay": 0.000118,
    "sigma_floor": 0.0249,
    "batch_size": 512,
    "level_weights": [
      6.0,
      3.0,
      2.0,
      1.0,
      1.0,
      1.0,
      1.0,
      1.0,
      1.0,
      1.0
    ],
    "level_weights_name": "top",
    "n_epochs": 400,
    "scheduler_patience": 30,
    "early_stop_patience": 40,
    "lambda_physics": 0.1,
    "lambda_monotonicity": 0.0,
    "lambda_adiabatic": 0.1,
    "lambda_smoothness": 0.1
  },
  "n_params": 501782,
  "best_val_loss": -4.408333733677864,
  "best_epoch": 6,
  "final_epoch": 46,
  "train_time_seconds": 71.7226893901825,
  "test_nll": -6.372474749883016,
  "test_metrics": {
    "rmse_per_level": [
      1.3304212093353271,
      1.1644076108932495,
      0.8539007306098938,
      0.6574907898902893,
      0.5816996097564697,
      0.7126738429069519,
      0.6517598032951355,
      0.8920912742614746,
      0.9945059418678284,
      2.514643669128418
    ],
    "mean_rmse": 1.035359501838684,
    "tau_rmse": 1.288733959197998,
    "mean_std_per_level": [
      3.632002592086792,
      1.3773212432861328,
      0.9254258275032043,
      0.9822502136230469,
      0.933128833770752,
      0.9200384020805359,
      0.967348039150238,
      1.1552428007125854,
      1.4511603116989136,
      2.4019153118133545
    ],
    "mean_std_overall": 1.474578619003296,
    "mean_tau_std": 1.725868582725525,
    "n_test_samples": 6144
  }
}