{
  "run_id": 29,
  "run_name": "6x256_dr0.09_lr3.3e-04_wd4e-06_b512_ends",
  "hyperparams": {
    "hidden_dims": [
      256,
      256,
      256,
      256,
      256,
      256
    ],
    "dropout": 0.088,
    "learning_rate": 0.000328,
    "weight_decay": 3.95e-06,
    "sigma_floor": 0.0452,
    "batch_size": 512,
    "level_weights": [
      4.0,
      1.5,
      1.0,
      1.0,
      1.0,
      1.0,
      1.0,
      1.5,
      2.0,
      3.0
    ],
    "level_weights_name": "ends",
    "n_epochs": 400,
    "scheduler_patience": 30,
    "early_stop_patience": 40,
    "lambda_physics": 0.1,
    "lambda_monotonicity": 0.0,
    "lambda_adiabatic": 0.1,
    "lambda_smoothness": 0.1
  },
  "n_params": 501782,
  "best_val_loss": -4.388549223542213,
  "best_epoch": 0,
  "final_epoch": 40,
  "train_time_seconds": 62.83904457092285,
  "test_nll": -5.659823616345723,
  "test_metrics": {
    "rmse_per_level": [
      1.7771726846694946,
      1.4067236185073853,
      0.9932030439376831,
      0.9284970164299011,
      0.698087215423584,
      0.8032861948013306,
      0.7975358366966248,
      0.8551993370056152,
      1.1006375551223755,
      2.425905466079712
    ],
    "mean_rmse": 1.1786247491836548,
    "tau_rmse": 1.575080156326294,
    "mean_std_per_level": [
      4.5575971603393555,
      1.3101545572280884,
      1.41987144947052,
      1.5392721891403198,
      1.5475692749023438,
      1.6044539213180542,
      1.3299890756607056,
      1.8745919466018677,
      1.6979528665542603,
      2.225973606109619
    ],
    "mean_std_overall": 1.9107412099838257,
    "mean_tau_std": 2.117624282836914,
    "n_test_samples": 6144
  }
}