{
  "run_id": 1,
  "run_name": "4x512_dr0.21_lr5.7e-05_wd1e-03_b256_uniform",
  "hyperparams": {
    "hidden_dims": [
      512,
      512,
      512,
      512
    ],
    "dropout": 0.209,
    "learning_rate": 5.7e-05,
    "weight_decay": 0.00106,
    "sigma_floor": 0.0125,
    "batch_size": 256,
    "level_weights": [
      1.0,
      1.0,
      1.0,
      1.0,
      1.0,
      1.0,
      1.0,
      1.0,
      1.0,
      1.0
    ],
    "level_weights_name": "uniform",
    "n_epochs": 400,
    "scheduler_patience": 30,
    "early_stop_patience": 40,
    "lambda_physics": 0.1,
    "lambda_monotonicity": 0.0,
    "lambda_adiabatic": 0.1,
    "lambda_smoothness": 0.1
  },
  "n_params": 1131542,
  "best_val_loss": -6.046734879093785,
  "best_epoch": 6,
  "final_epoch": 46,
  "train_time_seconds": 103.09337663650513,
  "test_nll": -6.732859909534454,
  "test_metrics": {
    "rmse_per_level": [
      1.4985792636871338,
      1.1690855026245117,
      0.6235995292663574,
      0.5498287677764893,
      0.5816372036933899,
      0.77571040391922,
      0.7564923167228699,
      1.0202581882476807,
      1.2252744436264038,
      2.7659168243408203
    ],
    "mean_rmse": 1.0966382026672363,
    "tau_rmse": 1.628287672996521,
    "mean_std_per_level": [
      3.2114007472991943,
      1.2218776941299438,
      0.8982679843902588,
      0.9086906909942627,
      0.9006375670433044,
      0.9012393355369568,
      0.929043710231781,
      1.0657626390457153,
      1.2311445474624634,
      1.7819455862045288
    ],
    "mean_std_overall": 1.3049906492233276,
    "mean_tau_std": 1.374853491783142,
    "n_test_samples": 6144
  }
}