{
  "run_id": 64,
  "run_name": "6x256_dr0.38_lr1.1e-04_wd5e-06_b256_strong_ends",
  "hyperparams": {
    "hidden_dims": [
      256,
      256,
      256,
      256,
      256,
      256
    ],
    "dropout": 0.383,
    "learning_rate": 0.000105,
    "weight_decay": 5.15e-06,
    "sigma_floor": 0.04,
    "batch_size": 256,
    "level_weights": [
      6.0,
      2.0,
      1.0,
      1.0,
      1.0,
      1.0,
      1.0,
      2.0,
      3.0,
      5.0
    ],
    "level_weights_name": "strong_ends",
    "n_epochs": 400,
    "scheduler_patience": 30,
    "early_stop_patience": 40,
    "lambda_physics": 0.1,
    "lambda_monotonicity": 0.0,
    "lambda_adiabatic": 0.1,
    "lambda_smoothness": 0.1
  },
  "n_params": 501782,
  "best_val_loss": -4.591617814956173,
  "best_epoch": 7,
  "final_epoch": 47,
  "train_time_seconds": 125.69056296348572,
  "test_nll": -5.846747775872548,
  "test_metrics": {
    "rmse_per_level": [
      1.2763276100158691,
      1.2718381881713867,
      0.9794188141822815,
      0.7697740197181702,
      0.6650458574295044,
      0.8701450824737549,
      0.7630856037139893,
      1.1133246421813965,
      1.1750633716583252,
      2.6234347820281982
    ],
    "mean_rmse": 1.1507457494735718,
    "tau_rmse": 1.375842809677124,
    "mean_std_per_level": [
      3.6497085094451904,
      0.8889618515968323,
      0.8922526240348816,
      0.9178528785705566,
      0.8960764408111572,
      0.8959996700286865,
      0.9110115170478821,
      1.0331486463546753,
      1.369493842124939,
      1.7745059728622437
    ],
    "mean_std_overall": 1.32289457321167,
    "mean_tau_std": 1.4013689756393433,
    "n_test_samples": 6144
  }
}