{
  "run_id": 66,
  "run_name": "tapered_dr0.31_lr1.4e-03_wd3e-04_b512_top",
  "hyperparams": {
    "hidden_dims": [
      512,
      512,
      256,
      256
    ],
    "dropout": 0.311,
    "learning_rate": 0.001352,
    "weight_decay": 0.000315,
    "sigma_floor": 0.0056,
    "batch_size": 512,
    "level_weights": [
      6.0,
      3.0,
      2.0,
      1.0,
      1.0,
      1.0,
      1.0,
      1.0,
      1.0,
      1.0
    ],
    "level_weights_name": "top",
    "n_epochs": 400,
    "scheduler_patience": 30,
    "early_stop_patience": 40,
    "lambda_physics": 0.1,
    "lambda_monotonicity": 0.0,
    "lambda_adiabatic": 0.1,
    "lambda_smoothness": 0.1
  },
  "n_params": 796694,
  "best_val_loss": -3.992616618052125,
  "best_epoch": 1,
  "final_epoch": 41,
  "train_time_seconds": 65.94252038002014,
  "test_nll": -6.263670961062114,
  "test_metrics": {
    "rmse_per_level": [
      1.6890052556991577,
      1.2729426622390747,
      0.9423447847366333,
      0.8799434900283813,
      0.744306743144989,
      0.8413385152816772,
      0.8177324533462524,
      0.8836643695831299,
      1.0069631338119507,
      2.3342111110687256
    ],
    "mean_rmse": 1.1412451267242432,
    "tau_rmse": 1.5941834449768066,
    "mean_std_per_level": [
      3.6470415592193604,
      1.6733850240707397,
      1.0547574758529663,
      1.209551453590393,
      1.1376879215240479,
      1.1531747579574585,
      1.2667337656021118,
      1.666937232017517,
      1.7919858694076538,
      2.8066577911376953
    ],
    "mean_std_overall": 1.740784764289856,
    "mean_tau_std": 2.173427104949951,
    "n_test_samples": 6144
  }
}