{
  "run_id": 71,
  "run_name": "4x256_dr0.28_lr6.7e-04_wd2e-04_b256_deep",
  "hyperparams": {
    "hidden_dims": [
      256,
      256,
      256,
      256
    ],
    "dropout": 0.28,
    "learning_rate": 0.000673,
    "weight_decay": 0.000174,
    "sigma_floor": 0.05,
    "batch_size": 256,
    "level_weights": [
      1.0,
      1.0,
      1.0,
      1.5,
      2.0,
      2.5,
      3.0,
      3.5,
      4.0,
      5.0
    ],
    "level_weights_name": "deep",
    "n_epochs": 400,
    "scheduler_patience": 30,
    "early_stop_patience": 40,
    "lambda_physics": 0.1,
    "lambda_monotonicity": 0.0,
    "lambda_adiabatic": 0.1,
    "lambda_smoothness": 0.1
  },
  "n_params": 369174,
  "best_val_loss": -5.458559097782258,
  "best_epoch": 22,
  "final_epoch": 62,
  "train_time_seconds": 147.85582661628723,
  "test_nll": -5.648971875508626,
  "test_metrics": {
    "rmse_per_level": [
      1.7130186557769775,
      1.2991514205932617,
      0.6962096095085144,
      0.5534319281578064,
      0.5687636733055115,
      0.7395254373550415,
      0.7664629817008972,
      1.0254547595977783,
      1.4040573835372925,
      2.9043009281158447
    ],
    "mean_rmse": 1.1670377254486084,
    "tau_rmse": 1.521579623222351,
    "mean_std_per_level": [
      2.082101821899414,
      0.8883211016654968,
      0.8883211016654968,
      0.8883211016654968,
      0.8890292644500732,
      0.8883211016654968,
      0.8883211016654968,
      0.8922757506370544,
      0.9063131213188171,
      1.2208350896835327
    ],
    "mean_std_overall": 1.0432029962539673,
    "mean_tau_std": 1.13556969165802,
    "n_test_samples": 6144
  }
}