{
  "run_id": 88,
  "run_name": "4x256_dr0.34_lr1.2e-04_wd4e-05_b512_deep",
  "hyperparams": {
    "hidden_dims": [
      256,
      256,
      256,
      256
    ],
    "dropout": 0.337,
    "learning_rate": 0.000116,
    "weight_decay": 4.49e-05,
    "sigma_floor": 0.0165,
    "batch_size": 512,
    "level_weights": [
      1.0,
      1.0,
      1.0,
      1.5,
      2.0,
      2.5,
      3.0,
      3.5,
      4.0,
      5.0
    ],
    "level_weights_name": "deep",
    "n_epochs": 400,
    "scheduler_patience": 30,
    "early_stop_patience": 40,
    "lambda_physics": 0.1,
    "lambda_monotonicity": 0.0,
    "lambda_adiabatic": 0.1,
    "lambda_smoothness": 0.1
  },
  "n_params": 369174,
  "best_val_loss": -6.41442608833313,
  "best_epoch": 28,
  "final_epoch": 68,
  "train_time_seconds": 91.17814087867737,
  "test_nll": -6.865062832832336,
  "test_metrics": {
    "rmse_per_level": [
      1.6485888957977295,
      1.138098120689392,
      0.5809454321861267,
      0.5863680243492126,
      0.5437930226325989,
      0.6941432356834412,
      0.7070748805999756,
      0.9240344762802124,
      1.0726842880249023,
      2.53456449508667
    ],
    "mean_rmse": 1.043029546737671,
    "tau_rmse": 1.1507960557937622,
    "mean_std_per_level": [
      4.015608310699463,
      1.2753008604049683,
      0.8956130146980286,
      0.9101705551147461,
      0.8902798295021057,
      0.89481520652771,
      0.9066945910453796,
      0.9584282040596008,
      1.2891281843185425,
      1.8642023801803589
    ],
    "mean_std_overall": 1.3900190591812134,
    "mean_tau_std": 1.3321305513381958,
    "n_test_samples": 6144
  }
}