{
  "run_id": 92,
  "run_name": "4x256_dr0.27_lr9.1e-05_wd2e-04_b128_uniform",
  "hyperparams": {
    "hidden_dims": [
      256,
      256,
      256,
      256
    ],
    "dropout": 0.27,
    "learning_rate": 9.1e-05,
    "weight_decay": 0.000217,
    "sigma_floor": 0.0185,
    "batch_size": 128,
    "level_weights": [
      1.0,
      1.0,
      1.0,
      1.0,
      1.0,
      1.0,
      1.0,
      1.0,
      1.0,
      1.0
    ],
    "level_weights_name": "uniform",
    "n_epochs": 400,
    "scheduler_patience": 30,
    "early_stop_patience": 40,
    "lambda_physics": 0.1,
    "lambda_monotonicity": 0.0,
    "lambda_adiabatic": 0.1,
    "lambda_smoothness": 0.1
  },
  "n_params": 369174,
  "best_val_loss": -6.155617152490923,
  "best_epoch": 7,
  "final_epoch": 47,
  "train_time_seconds": 187.81073379516602,
  "test_nll": -6.8647953768571215,
  "test_metrics": {
    "rmse_per_level": [
      1.6173933744430542,
      1.0407837629318237,
      0.7777808308601379,
      0.8578690886497498,
      0.7983795404434204,
      0.8523530960083008,
      0.8750742673873901,
      1.0064890384674072,
      1.0359879732131958,
      2.4744608402252197
    ],
    "mean_rmse": 1.1336572170257568,
    "tau_rmse": 1.155715823173523,
    "mean_std_per_level": [
      3.926320791244507,
      1.1993608474731445,
      0.9209346175193787,
      0.9421803951263428,
      0.9166932702064514,
      0.900958240032196,
      0.9516439437866211,
      1.1258200407028198,
      1.5347542762756348,
      1.9164934158325195
    ],
    "mean_std_overall": 1.4335103034973145,
    "mean_tau_std": 1.3499332666397095,
    "n_test_samples": 6144
  }
}