{
  "run_id": 62,
  "run_name": "6x256_dr0.29_lr2.8e-03_wd4e-03_b256_ends",
  "hyperparams": {
    "hidden_dims": [
      256,
      256,
      256,
      256,
      256,
      256
    ],
    "dropout": 0.288,
    "learning_rate": 0.002826,
    "weight_decay": 0.00431,
    "sigma_floor": 0.0277,
    "batch_size": 256,
    "level_weights": [
      4.0,
      1.5,
      1.0,
      1.0,
      1.0,
      1.0,
      1.0,
      1.5,
      2.0,
      3.0
    ],
    "level_weights_name": "ends",
    "n_epochs": 400,
    "scheduler_patience": 30,
    "early_stop_patience": 40,
    "lambda_physics": 0.1,
    "lambda_monotonicity": 0.0,
    "lambda_adiabatic": 0.1,
    "lambda_smoothness": 0.1
  },
  "n_params": 501782,
  "best_val_loss": -4.438258824809905,
  "best_epoch": 1,
  "final_epoch": 41,
  "train_time_seconds": 102.75688791275024,
  "test_nll": -5.806072215239207,
  "test_metrics": {
    "rmse_per_level": [
      2.110746145248413,
      1.7131458520889282,
      1.411626935005188,
      1.5272111892700195,
      1.2521789073944092,
      1.1216014623641968,
      1.1732629537582397,
      0.8999503254890442,
      1.1318894624710083,
      2.323314666748047
    ],
    "mean_rmse": 1.4664928913116455,
    "tau_rmse": 1.4568891525268555,
    "mean_std_per_level": [
      5.938675403594971,
      1.6020015478134155,
      0.9586625099182129,
      1.5539593696594238,
      0.9956109523773193,
      0.9737579822540283,
      1.0214192867279053,
      2.339444637298584,
      2.0286450386047363,
      3.361726999282837
    ],
    "mean_std_overall": 2.0773916244506836,
    "mean_tau_std": 2.4434099197387695,
    "n_test_samples": 6144
  }
}