{
  "run_id": 15,
  "run_name": "5x512_dr0.15_lr1.1e-04_wd9e-06_b512_uniform",
  "hyperparams": {
    "hidden_dims": [
      512,
      512,
      512,
      512,
      512
    ],
    "dropout": 0.146,
    "learning_rate": 0.000111,
    "weight_decay": 9.17e-06,
    "sigma_floor": 0.0402,
    "batch_size": 512,
    "level_weights": [
      1.0,
      1.0,
      1.0,
      1.0,
      1.0,
      1.0,
      1.0,
      1.0,
      1.0,
      1.0
    ],
    "level_weights_name": "uniform",
    "n_epochs": 400,
    "scheduler_patience": 30,
    "early_stop_patience": 40,
    "lambda_physics": 0.1,
    "lambda_monotonicity": 0.0,
    "lambda_adiabatic": 0.1,
    "lambda_smoothness": 0.1
  },
  "n_params": 1395222,
  "best_val_loss": -5.294187977910042,
  "best_epoch": 2,
  "final_epoch": 42,
  "train_time_seconds": 59.52816867828369,
  "test_nll": -6.033615787823995,
  "test_metrics": {
    "rmse_per_level": [
      1.5009516477584839,
      1.1923482418060303,
      0.7560265064239502,
      0.7496932744979858,
      0.7059997320175171,
      0.9400761127471924,
      0.8775427341461182,
      1.1800165176391602,
      1.1620292663574219,
      2.777421712875366
    ],
    "mean_rmse": 1.1842105388641357,
    "tau_rmse": 1.3301129341125488,
    "mean_std_per_level": [
      2.7519690990448,
      1.6763505935668945,
      1.0508073568344116,
      0.9859105944633484,
      1.0413800477981567,
      1.0178804397583008,
      1.121503233909607,
      1.200478196144104,
      1.2827222347259521,
      1.644935131072998
    ],
    "mean_std_overall": 1.3773877620697021,
    "mean_tau_std": 1.2897475957870483,
    "n_test_samples": 6144
  }
}